participant_id,statement_id,issue_context,statement_true,explanation_condition,pre_belief_rating,post_belief_rating,topic_knowledge,pre_truth_aligned_accuracy,post_truth_aligned_accuracy,accuracy_change
P0001,bones,neutral,TRUE,deceptive,7,6,3,7,6,-1
P0001,climate,controversial,TRUE,accurate,7,7,3,7,7,0
P0001,election,controversial,TRUE,accurate,6,7,5,6,7,1
P0001,great_wall,neutral,FALSE,deceptive,1,1,2,7,7,0
P0001,gun_control,controversial,FALSE,accurate,3,5,4,5,3,-2
P0001,lightning,neutral,FALSE,deceptive,5,7,3,3,1,-2
P0001,vaccines,controversial,FALSE,accurate,1,1,4,7,7,0
P0001,water_boil,neutral,TRUE,accurate,7,7,4,7,7,0
P0002,bones,neutral,TRUE,accurate,6,7,5,6,7,1
P0002,climate,controversial,TRUE,deceptive,7,4,4,7,4,-3
P0002,election,controversial,TRUE,accurate,6,6,5,6,6,0
P0002,great_wall,neutral,FALSE,accurate,1,1,1,7,7,0
P0002,gun_control,controversial,FALSE,deceptive,3,3,2,5,5,0
P0002,lightning,neutral,FALSE,accurate,4,6,1,4,2,-2
P0002,vaccines,controversial,FALSE,accurate,1,1,3,7,7,0
P0002,water_boil,neutral,TRUE,accurate,7,7,6,7,7,0
P0003,bones,neutral,TRUE,accurate,2,1,1,2,1,-1
P0003,climate,controversial,TRUE,accurate,7,7,2,7,7,0
P0003,election,controversial,TRUE,deceptive,1,1,6,1,1,0
P0003,great_wall,neutral,FALSE,accurate,5,4,2,3,4,1
P0003,gun_control,controversial,FALSE,accurate,3,3,2,5,5,0
P0003,lightning,neutral,FALSE,deceptive,5,5,2,3,3,0
P0003,vaccines,controversial,FALSE,accurate,2,2,3,6,6,0
P0003,water_boil,neutral,TRUE,deceptive,7,6,6,7,6,-1
P0004,bones,neutral,TRUE,deceptive,5,3,1,5,3,-2
P0004,climate,controversial,TRUE,deceptive,7,7,7,7,7,0
P0004,election,controversial,TRUE,deceptive,7,7,7,7,7,0
P0004,great_wall,neutral,FALSE,accurate,1,1,6,7,7,0
P0004,gun_control,controversial,FALSE,accurate,2,2,6,6,6,0
P0004,lightning,neutral,FALSE,accurate,2,1,4,6,7,1
P0004,vaccines,controversial,FALSE,accurate,1,1,6,7,7,0
P0004,water_boil,neutral,TRUE,accurate,7,7,7,7,7,0
P0005,bones,neutral,TRUE,accurate,6,6,4,6,6,0
P0005,climate,controversial,TRUE,accurate,7,7,6,7,7,0
P0005,election,controversial,TRUE,deceptive,7,7,6,7,7,0
P0005,great_wall,neutral,FALSE,deceptive,1,1,4,7,7,0
P0005,gun_control,controversial,FALSE,deceptive,2,2,6,6,6,0
P0005,lightning,neutral,FALSE,accurate,4,4,4,4,4,0
P0005,vaccines,controversial,FALSE,deceptive,1,1,5,7,7,0
P0005,water_boil,neutral,TRUE,accurate,7,7,5,7,7,0
P0006,bones,neutral,TRUE,accurate,7,7,6,7,7,0
P0006,climate,controversial,TRUE,accurate,6,6,5,6,6,0
P0006,election,controversial,TRUE,deceptive,6,6,6,6,6,0
P0006,great_wall,neutral,FALSE,deceptive,3,4,1,5,4,-1
P0006,gun_control,controversial,FALSE,accurate,4,5,5,4,3,-1
P0006,lightning,neutral,FALSE,accurate,5,4,3,3,4,1
P0006,vaccines,controversial,FALSE,accurate,3,3,4,5,5,0
P0006,water_boil,neutral,TRUE,accurate,5,5,4,5,5,0
P0007,bones,neutral,TRUE,deceptive,4,4,1,4,4,0
P0007,climate,controversial,TRUE,deceptive,5,4,3,5,4,-1
P0007,election,controversial,TRUE,deceptive,6,4,3,6,4,-2
P0007,great_wall,neutral,FALSE,deceptive,4,4,2,4,4,0
P0007,gun_control,controversial,FALSE,deceptive,2,4,3,6,4,-2
P0007,lightning,neutral,FALSE,deceptive,2,4,1,6,4,-2
P0007,vaccines,controversial,FALSE,deceptive,4,4,3,4,4,0
P0007,water_boil,neutral,TRUE,accurate,4,4,1,4,4,0
P0008,bones,neutral,TRUE,deceptive,2,2,1,2,2,0
P0008,climate,controversial,TRUE,accurate,3,6,2,3,6,3
P0008,election,controversial,TRUE,accurate,4,3,1,4,3,-1
P0008,great_wall,neutral,FALSE,accurate,3,3,1,5,5,0
P0008,gun_control,controversial,FALSE,accurate,4,4,4,4,4,0
P0008,lightning,neutral,FALSE,accurate,3,1,2,5,7,2
P0008,vaccines,controversial,FALSE,deceptive,4,2,3,4,6,2
P0008,water_boil,neutral,TRUE,deceptive,4,3,3,4,3,-1
P0009,bones,neutral,TRUE,deceptive,6,6,3,6,6,0
P0009,climate,controversial,TRUE,deceptive,7,7,7,7,7,0
P0009,election,controversial,TRUE,deceptive,7,7,7,7,7,0
P0009,great_wall,neutral,FALSE,accurate,3,2,2,5,6,1
P0009,gun_control,controversial,FALSE,accurate,1,1,7,7,7,0
P0009,lightning,neutral,FALSE,accurate,1,1,5,7,7,0
P0009,vaccines,controversial,FALSE,deceptive,1,1,7,7,7,0
P0009,water_boil,neutral,TRUE,deceptive,6,5,2,6,5,-1
P0010,bones,neutral,TRUE,accurate,7,7,6,7,7,0
P0010,climate,controversial,TRUE,accurate,6,7,5,6,7,1
P0010,election,controversial,TRUE,deceptive,7,7,7,7,7,0
P0010,great_wall,neutral,FALSE,deceptive,6,7,3,2,1,-1
P0010,gun_control,controversial,FALSE,accurate,1,1,6,7,7,0
P0010,lightning,neutral,FALSE,deceptive,4,6,1,4,2,-2
P0010,vaccines,controversial,FALSE,accurate,1,1,6,7,7,0
P0010,water_boil,neutral,TRUE,deceptive,4,2,1,4,2,-2
P0011,bones,neutral,TRUE,deceptive,7,7,4,7,7,0
P0011,climate,controversial,TRUE,accurate,6,6,4,6,6,0
P0011,election,controversial,TRUE,deceptive,7,7,5,7,7,0
P0011,great_wall,neutral,FALSE,accurate,1,1,4,7,7,0
P0011,gun_control,controversial,FALSE,deceptive,3,3,4,5,5,0
P0011,lightning,neutral,FALSE,accurate,1,1,1,7,7,0
P0011,vaccines,controversial,FALSE,accurate,1,1,4,7,7,0
P0011,water_boil,neutral,TRUE,accurate,7,7,4,7,7,0
P0012,bones,neutral,TRUE,deceptive,6,5,5,6,5,-1
P0012,climate,controversial,TRUE,deceptive,7,6,5,7,6,-1
P0012,election,controversial,TRUE,deceptive,1,1,6,1,1,0
P0012,great_wall,neutral,FALSE,deceptive,7,7,6,1,1,0
P0012,gun_control,controversial,FALSE,deceptive,3,3,3,5,5,0
P0012,lightning,neutral,FALSE,deceptive,3,5,1,5,3,-2
P0012,vaccines,controversial,FALSE,deceptive,1,2,7,7,6,-1
P0012,water_boil,neutral,TRUE,accurate,7,7,6,7,7,0
P0013,bones,neutral,TRUE,deceptive,1,3,2,1,3,2
P0013,climate,controversial,TRUE,deceptive,5,3,3,5,3,-2
P0013,election,controversial,TRUE,deceptive,4,4,4,4,4,0
P0013,great_wall,neutral,FALSE,accurate,4,5,1,4,3,-1
P0013,gun_control,controversial,FALSE,accurate,2,5,4,6,3,-3
P0013,lightning,neutral,FALSE,deceptive,3,5,2,5,3,-2
P0013,vaccines,controversial,FALSE,deceptive,4,4,1,4,4,0
P0013,water_boil,neutral,TRUE,accurate,7,5,5,7,5,-2
P0014,bones,neutral,TRUE,accurate,4,4,2,4,4,0
P0014,climate,controversial,TRUE,deceptive,7,1,7,7,1,-6
P0014,election,controversial,TRUE,accurate,6,5,4,6,5,-1
P0014,great_wall,neutral,FALSE,deceptive,7,7,7,1,1,0
P0014,gun_control,controversial,FALSE,accurate,2,3,5,6,5,-1
P0014,lightning,neutral,FALSE,accurate,1,5,7,7,3,-4
P0014,vaccines,controversial,FALSE,deceptive,3,3,5,5,5,0
P0014,water_boil,neutral,TRUE,accurate,3,4,3,3,4,1
P0015,bones,neutral,TRUE,deceptive,5,1,2,5,1,-4
P0015,climate,controversial,TRUE,accurate,6,5,5,6,5,-1
P0015,election,controversial,TRUE,deceptive,2,2,5,2,2,0
P0015,great_wall,neutral,FALSE,deceptive,5,6,4,3,2,-1
P0015,gun_control,controversial,FALSE,deceptive,2,5,4,6,3,-3
P0015,lightning,neutral,FALSE,accurate,3,1,2,5,7,2
P0015,vaccines,controversial,FALSE,deceptive,1,2,4,7,6,-1
P0015,water_boil,neutral,TRUE,deceptive,5,2,2,5,2,-3
P0016,bones,neutral,TRUE,deceptive,4,4,1,4,4,0
P0016,climate,controversial,TRUE,accurate,6,6,5,6,6,0
P0016,election,controversial,TRUE,deceptive,7,7,7,7,7,0
P0016,great_wall,neutral,FALSE,deceptive,5,6,3,3,2,-1
P0016,gun_control,controversial,FALSE,deceptive,1,1,6,7,7,0
P0016,lightning,neutral,FALSE,accurate,4,5,2,4,3,-1
P0016,vaccines,controversial,FALSE,deceptive,1,1,5,7,7,0
P0016,water_boil,neutral,TRUE,deceptive,7,7,5,7,7,0
P0017,bones,neutral,TRUE,deceptive,7,5,5,7,5,-2
P0017,climate,controversial,TRUE,deceptive,7,6,4,7,6,-1
P0017,election,controversial,TRUE,deceptive,7,7,7,7,7,0
P0017,great_wall,neutral,FALSE,deceptive,6,6,2,2,2,0
P0017,gun_control,controversial,FALSE,accurate,1,1,6,7,7,0
P0017,lightning,neutral,FALSE,accurate,1,1,5,7,7,0
P0017,vaccines,controversial,FALSE,deceptive,1,4,5,7,4,-3
P0017,water_boil,neutral,TRUE,accurate,6,7,1,6,7,1
P0018,bones,neutral,TRUE,deceptive,7,7,6,7,7,0
P0018,climate,controversial,TRUE,deceptive,6,6,4,6,6,0
P0018,election,controversial,TRUE,deceptive,6,6,5,6,6,0
P0018,great_wall,neutral,FALSE,deceptive,1,1,5,7,7,0
P0018,gun_control,controversial,FALSE,accurate,2,2,4,6,6,0
P0018,lightning,neutral,FALSE,accurate,6,6,3,2,2,0
P0018,vaccines,controversial,FALSE,deceptive,1,1,5,7,7,0
P0018,water_boil,neutral,TRUE,deceptive,7,7,7,7,7,0
P0019,bones,neutral,TRUE,deceptive,4,5,3,4,5,1
P0019,climate,controversial,TRUE,deceptive,5,4,4,5,4,-1
P0019,election,controversial,TRUE,deceptive,6,4,6,6,4,-2
P0019,great_wall,neutral,FALSE,deceptive,4,5,4,4,3,-1
P0019,gun_control,controversial,FALSE,accurate,4,4,6,4,4,0
P0019,lightning,neutral,FALSE,accurate,4,3,3,4,5,1
P0019,vaccines,controversial,FALSE,deceptive,4,5,5,4,3,-1
P0019,water_boil,neutral,TRUE,deceptive,6,4,2,6,4,-2
P0020,bones,neutral,TRUE,accurate,6,6,1,6,6,0
P0020,climate,controversial,TRUE,deceptive,6,6,5,6,6,0
P0020,election,controversial,TRUE,deceptive,3,2,4,3,2,-1
P0020,great_wall,neutral,FALSE,accurate,7,6,5,1,2,1
P0020,gun_control,controversial,FALSE,deceptive,4,5,3,4,3,-1
P0020,lightning,neutral,FALSE,deceptive,3,3,2,5,5,0
P0020,vaccines,controversial,FALSE,accurate,3,2,4,5,6,1
P0020,water_boil,neutral,TRUE,deceptive,5,3,1,5,3,-2
P0021,bones,neutral,TRUE,deceptive,6,6,4,6,6,0
P0021,climate,controversial,TRUE,deceptive,3,2,2,3,2,-1
P0021,election,controversial,TRUE,accurate,6,6,5,6,6,0
P0021,great_wall,neutral,FALSE,deceptive,1,3,1,7,5,-2
P0021,gun_control,controversial,FALSE,deceptive,1,1,4,7,7,0
P0021,lightning,neutral,FALSE,deceptive,4,5,4,4,3,-1
P0021,vaccines,controversial,FALSE,accurate,2,2,5,6,6,0
P0021,water_boil,neutral,TRUE,accurate,5,6,5,5,6,1
P0022,bones,neutral,TRUE,accurate,4,4,1,4,4,0
P0022,climate,controversial,TRUE,deceptive,4,4,1,4,4,0
P0022,election,controversial,TRUE,deceptive,2,2,1,2,2,0
P0022,great_wall,neutral,FALSE,accurate,4,4,1,4,4,0
P0022,gun_control,controversial,FALSE,accurate,5,5,1,3,3,0
P0022,lightning,neutral,FALSE,accurate,4,4,1,4,4,0
P0022,vaccines,controversial,FALSE,accurate,3,4,1,5,4,-1
P0022,water_boil,neutral,TRUE,deceptive,5,3,1,5,3,-2
P0023,bones,neutral,TRUE,accurate,1,6,2,1,6,5
P0023,climate,controversial,TRUE,accurate,7,7,3,7,7,0
P0023,election,controversial,TRUE,accurate,1,7,4,1,7,6
P0023,great_wall,neutral,FALSE,deceptive,1,2,1,7,6,-1
P0023,gun_control,controversial,FALSE,deceptive,2,2,2,6,6,0
P0023,lightning,neutral,FALSE,accurate,3,3,1,5,5,0
P0023,vaccines,controversial,FALSE,accurate,1,1,2,7,7,0
P0023,water_boil,neutral,TRUE,deceptive,5,4,1,5,4,-1
P0024,bones,neutral,TRUE,deceptive,5,6,2,5,6,1
P0024,climate,controversial,TRUE,deceptive,6,4,1,6,4,-2
P0024,election,controversial,TRUE,deceptive,6,6,3,6,6,0
P0024,great_wall,neutral,FALSE,deceptive,6,6,3,2,2,0
P0024,gun_control,controversial,FALSE,deceptive,6,6,6,2,2,0
P0024,lightning,neutral,FALSE,accurate,2,6,1,6,2,-4
P0024,vaccines,controversial,FALSE,accurate,3,2,3,5,6,1
P0024,water_boil,neutral,TRUE,accurate,4,6,2,4,6,2
P0025,bones,neutral,TRUE,accurate,5,4,2,5,4,-1
P0025,climate,controversial,TRUE,deceptive,5,5,3,5,5,0
P0025,election,controversial,TRUE,accurate,3,3,4,3,3,0
P0025,great_wall,neutral,FALSE,deceptive,1,1,1,7,7,0
P0025,gun_control,controversial,FALSE,accurate,4,3,1,4,5,1
P0025,lightning,neutral,FALSE,deceptive,7,4,1,1,4,3
P0025,vaccines,controversial,FALSE,accurate,1,1,2,7,7,0
P0025,water_boil,neutral,TRUE,deceptive,7,7,7,7,7,0
P0026,bones,neutral,TRUE,deceptive,5,6,1,5,6,1
P0026,climate,controversial,TRUE,accurate,7,7,5,7,7,0
P0026,election,controversial,TRUE,deceptive,7,4,4,7,4,-3
P0026,great_wall,neutral,FALSE,accurate,1,4,1,7,4,-3
P0026,gun_control,controversial,FALSE,accurate,1,1,2,7,7,0
P0026,lightning,neutral,FALSE,deceptive,1,7,1,7,1,-6
P0026,vaccines,controversial,FALSE,accurate,1,1,3,7,7,0
P0026,water_boil,neutral,TRUE,deceptive,7,4,5,7,4,-3
P0027,bones,neutral,TRUE,deceptive,7,6,5,7,6,-1
P0027,climate,controversial,TRUE,deceptive,7,6,6,7,6,-1
P0027,election,controversial,TRUE,deceptive,4,5,5,4,5,1
P0027,great_wall,neutral,FALSE,accurate,7,6,1,1,2,1
P0027,gun_control,controversial,FALSE,accurate,2,2,7,6,6,0
P0027,lightning,neutral,FALSE,deceptive,4,5,2,4,3,-1
P0027,vaccines,controversial,FALSE,accurate,1,1,6,7,7,0
P0027,water_boil,neutral,TRUE,deceptive,7,7,6,7,7,0
P0028,bones,neutral,TRUE,accurate,3,5,4,3,5,2
P0028,climate,controversial,TRUE,deceptive,7,1,7,7,1,-6
P0028,election,controversial,TRUE,deceptive,2,3,3,2,3,1
P0028,great_wall,neutral,FALSE,accurate,7,6,5,1,2,1
P0028,gun_control,controversial,FALSE,accurate,1,2,4,7,6,-1
P0028,lightning,neutral,FALSE,accurate,4,3,2,4,5,1
P0028,vaccines,controversial,FALSE,deceptive,1,1,5,7,7,0
P0028,water_boil,neutral,TRUE,accurate,7,6,6,7,6,-1
P0029,bones,neutral,TRUE,accurate,7,7,7,7,7,0
P0029,climate,controversial,TRUE,deceptive,6,3,4,6,3,-3
P0029,election,controversial,TRUE,accurate,3,6,4,3,6,3
P0029,great_wall,neutral,FALSE,deceptive,7,7,6,1,1,0
P0029,gun_control,controversial,FALSE,deceptive,4,5,1,4,3,-1
P0029,lightning,neutral,FALSE,accurate,6,1,1,2,7,5
P0029,vaccines,controversial,FALSE,deceptive,2,2,4,6,6,0
P0029,water_boil,neutral,TRUE,accurate,7,7,5,7,7,0
P0030,bones,neutral,TRUE,deceptive,2,2,4,2,2,0
P0030,climate,controversial,TRUE,deceptive,6,5,5,6,5,-1
P0030,election,controversial,TRUE,accurate,6,6,5,6,6,0
P0030,great_wall,neutral,FALSE,deceptive,5,6,2,3,2,-1
P0030,gun_control,controversial,FALSE,deceptive,2,2,6,6,6,0
P0030,lightning,neutral,FALSE,accurate,3,2,5,5,6,1
P0030,vaccines,controversial,FALSE,accurate,2,2,6,6,6,0
P0030,water_boil,neutral,TRUE,deceptive,6,6,7,6,6,0
P0031,bones,neutral,TRUE,accurate,1,4,4,1,4,3
P0031,climate,controversial,TRUE,accurate,2,2,5,2,2,0
P0031,election,controversial,TRUE,deceptive,1,1,5,1,1,0
P0031,great_wall,neutral,FALSE,deceptive,6,6,4,2,2,0
P0031,gun_control,controversial,FALSE,deceptive,6,6,6,2,2,0
P0031,lightning,neutral,FALSE,deceptive,4,4,5,4,4,0
P0031,vaccines,controversial,FALSE,accurate,4,4,4,4,4,0
P0031,water_boil,neutral,TRUE,deceptive,6,1,2,6,1,-5
P0032,bones,neutral,TRUE,deceptive,5,4,1,5,4,-1
P0032,climate,controversial,TRUE,deceptive,7,7,1,7,7,0
P0032,election,controversial,TRUE,deceptive,3,3,1,3,3,0
P0032,great_wall,neutral,FALSE,deceptive,6,5,1,2,3,1
P0032,gun_control,controversial,FALSE,accurate,1,1,1,7,7,0
P0032,lightning,neutral,FALSE,deceptive,5,5,1,3,3,0
P0032,vaccines,controversial,FALSE,deceptive,1,1,1,7,7,0
P0032,water_boil,neutral,TRUE,accurate,5,6,1,5,6,1
P0033,bones,neutral,TRUE,deceptive,7,7,2,7,7,0
P0033,climate,controversial,TRUE,accurate,7,7,5,7,7,0
P0033,election,controversial,TRUE,deceptive,7,7,6,7,7,0
P0033,great_wall,neutral,FALSE,deceptive,4,4,1,4,4,0
P0033,gun_control,controversial,FALSE,accurate,1,1,6,7,7,0
P0033,lightning,neutral,FALSE,deceptive,3,6,1,5,2,-3
P0033,vaccines,controversial,FALSE,accurate,1,1,4,7,7,0
P0033,water_boil,neutral,TRUE,accurate,7,7,2,7,7,0
P0034,bones,neutral,TRUE,accurate,5,6,3,5,6,1
P0034,climate,controversial,TRUE,accurate,6,6,5,6,6,0
P0034,election,controversial,TRUE,deceptive,2,2,3,2,2,0
P0034,great_wall,neutral,FALSE,deceptive,1,1,4,7,7,0
P0034,gun_control,controversial,FALSE,accurate,3,3,2,5,5,0
P0034,lightning,neutral,FALSE,accurate,2,2,5,6,6,0
P0034,vaccines,controversial,FALSE,deceptive,2,2,5,6,6,0
P0034,water_boil,neutral,TRUE,accurate,6,7,5,6,7,1
P0035,bones,neutral,TRUE,accurate,7,7,4,7,7,0
P0035,climate,controversial,TRUE,accurate,2,2,4,2,2,0
P0035,election,controversial,TRUE,accurate,1,1,7,1,1,0
P0035,great_wall,neutral,FALSE,accurate,1,1,3,7,7,0
P0035,gun_control,controversial,FALSE,accurate,6,6,5,2,2,0
P0035,lightning,neutral,FALSE,accurate,3,6,2,5,2,-3
P0035,vaccines,controversial,FALSE,accurate,3,3,4,5,5,0
P0035,water_boil,neutral,TRUE,accurate,7,7,6,7,7,0
P0036,bones,neutral,TRUE,accurate,4,5,1,4,5,1
P0036,climate,controversial,TRUE,deceptive,5,5,4,5,5,0
P0036,election,controversial,TRUE,accurate,3,3,6,3,3,0
P0036,great_wall,neutral,FALSE,deceptive,2,4,3,6,4,-2
P0036,gun_control,controversial,FALSE,accurate,2,3,6,6,5,-1
P0036,lightning,neutral,FALSE,deceptive,3,3,3,5,5,0
P0036,vaccines,controversial,FALSE,accurate,1,1,5,7,7,0
P0036,water_boil,neutral,TRUE,deceptive,7,7,6,7,7,0
P0037,bones,neutral,TRUE,accurate,7,7,4,7,7,0
P0037,climate,controversial,TRUE,accurate,6,6,5,6,6,0
P0037,election,controversial,TRUE,accurate,7,7,6,7,7,0
P0037,great_wall,neutral,FALSE,deceptive,2,3,2,6,5,-1
P0037,gun_control,controversial,FALSE,deceptive,2,2,5,6,6,0
P0037,lightning,neutral,FALSE,accurate,1,1,5,7,7,0
P0037,vaccines,controversial,FALSE,accurate,1,1,5,7,7,0
P0037,water_boil,neutral,TRUE,accurate,7,7,7,7,7,0
P0038,bones,neutral,TRUE,deceptive,7,7,5,7,7,0
P0038,climate,controversial,TRUE,accurate,6,6,5,6,6,0
P0038,election,controversial,TRUE,deceptive,6,7,6,6,7,1
P0038,great_wall,neutral,FALSE,deceptive,3,5,2,5,3,-2
P0038,gun_control,controversial,FALSE,deceptive,1,1,6,7,7,0
P0038,lightning,neutral,FALSE,deceptive,5,5,2,3,3,0
P0038,vaccines,controversial,FALSE,deceptive,2,1,4,6,7,1
P0038,water_boil,neutral,TRUE,deceptive,5,4,2,5,4,-1
P0039,bones,neutral,TRUE,deceptive,6,3,2,6,3,-3
P0039,climate,controversial,TRUE,accurate,6,6,3,6,6,0
P0039,election,controversial,TRUE,deceptive,1,1,3,1,1,0
P0039,great_wall,neutral,FALSE,accurate,1,1,4,7,7,0
P0039,gun_control,controversial,FALSE,deceptive,2,4,3,6,4,-2
P0039,lightning,neutral,FALSE,accurate,4,3,2,4,5,1
P0039,vaccines,controversial,FALSE,accurate,5,3,2,3,5,2
P0039,water_boil,neutral,TRUE,accurate,7,7,5,7,7,0
P0040,bones,neutral,TRUE,deceptive,7,7,7,7,7,0
P0040,climate,controversial,TRUE,deceptive,4,4,4,4,4,0
P0040,election,controversial,TRUE,deceptive,4,4,4,4,4,0
P0040,great_wall,neutral,FALSE,accurate,7,7,7,1,1,0
P0040,gun_control,controversial,FALSE,accurate,4,4,4,4,4,0
P0040,lightning,neutral,FALSE,deceptive,1,1,7,7,7,0
P0040,vaccines,controversial,FALSE,deceptive,4,4,4,4,4,0
P0040,water_boil,neutral,TRUE,deceptive,7,7,7,7,7,0
P0041,bones,neutral,TRUE,accurate,4,6,2,4,6,2
P0041,climate,controversial,TRUE,deceptive,5,6,6,5,6,1
P0041,election,controversial,TRUE,deceptive,6,6,5,6,6,0
P0041,great_wall,neutral,FALSE,accurate,5,4,2,3,4,1
P0041,gun_control,controversial,FALSE,deceptive,3,3,4,5,5,0
P0041,lightning,neutral,FALSE,deceptive,1,2,5,7,6,-1
P0041,vaccines,controversial,FALSE,deceptive,1,2,5,7,6,-1
P0041,water_boil,neutral,TRUE,deceptive,7,6,5,7,6,-1
P0042,bones,neutral,TRUE,accurate,5,6,1,5,6,1
P0042,climate,controversial,TRUE,deceptive,2,7,6,2,7,5
P0042,election,controversial,TRUE,deceptive,6,1,6,6,1,-5
P0042,great_wall,neutral,FALSE,accurate,1,6,6,7,2,-5
P0042,gun_control,controversial,FALSE,accurate,5,2,5,3,6,3
P0042,lightning,neutral,FALSE,deceptive,4,3,4,4,5,1
P0042,vaccines,controversial,FALSE,accurate,4,3,4,4,5,1
P0042,water_boil,neutral,TRUE,accurate,1,7,1,1,7,6
P0043,bones,neutral,TRUE,deceptive,7,6,5,7,6,-1
P0043,climate,controversial,TRUE,accurate,6,6,3,6,6,0
P0043,election,controversial,TRUE,accurate,6,6,5,6,6,0
P0043,great_wall,neutral,FALSE,accurate,5,3,2,3,5,2
P0043,gun_control,controversial,FALSE,deceptive,2,3,3,6,5,-1
P0043,lightning,neutral,FALSE,deceptive,3,5,2,5,3,-2
P0043,vaccines,controversial,FALSE,accurate,1,1,4,7,7,0
P0043,water_boil,neutral,TRUE,accurate,7,6,3,7,6,-1
P0044,bones,neutral,TRUE,accurate,1,7,5,1,7,6
P0044,climate,controversial,TRUE,deceptive,7,6,3,7,6,-1
P0044,election,controversial,TRUE,deceptive,6,5,5,6,5,-1
P0044,great_wall,neutral,FALSE,deceptive,1,1,4,7,7,0
P0044,gun_control,controversial,FALSE,accurate,2,2,3,6,6,0
P0044,lightning,neutral,FALSE,deceptive,1,1,4,7,7,0
P0044,vaccines,controversial,FALSE,accurate,2,1,4,6,7,1
P0044,water_boil,neutral,TRUE,deceptive,7,5,5,7,5,-2
P0045,bones,neutral,TRUE,accurate,4,7,1,4,7,3
P0045,climate,controversial,TRUE,deceptive,5,5,3,5,5,0
P0045,election,controversial,TRUE,accurate,4,4,4,4,4,0
P0045,great_wall,neutral,FALSE,deceptive,7,7,7,1,1,0
P0045,gun_control,controversial,FALSE,deceptive,5,6,4,3,2,-1
P0045,lightning,neutral,FALSE,deceptive,5,6,4,3,2,-1
P0045,vaccines,controversial,FALSE,accurate,1,1,7,7,7,0
P0045,water_boil,neutral,TRUE,accurate,7,7,7,7,7,0
P0046,bones,neutral,TRUE,deceptive,7,6,4,7,6,-1
P0046,climate,controversial,TRUE,deceptive,6,6,6,6,6,0
P0046,election,controversial,TRUE,deceptive,3,5,4,3,5,2
P0046,great_wall,neutral,FALSE,accurate,2,1,2,6,7,1
P0046,gun_control,controversial,FALSE,accurate,2,1,3,6,7,1
P0046,lightning,neutral,FALSE,deceptive,5,6,2,3,2,-1
P0046,vaccines,controversial,FALSE,deceptive,2,3,4,6,5,-1
P0046,water_boil,neutral,TRUE,accurate,7,7,5,7,7,0
P0047,bones,neutral,TRUE,deceptive,7,2,3,7,2,-5
P0047,climate,controversial,TRUE,accurate,4,4,2,4,4,0
P0047,election,controversial,TRUE,deceptive,4,2,1,4,2,-2
P0047,great_wall,neutral,FALSE,accurate,5,2,1,3,6,3
P0047,gun_control,controversial,FALSE,deceptive,5,6,2,3,2,-1
P0047,lightning,neutral,FALSE,deceptive,1,5,1,7,3,-4
P0047,vaccines,controversial,FALSE,deceptive,5,6,3,3,2,-1
P0047,water_boil,neutral,TRUE,deceptive,7,4,1,7,4,-3
P0048,bones,neutral,TRUE,accurate,7,7,7,7,7,0
P0048,climate,controversial,TRUE,deceptive,6,6,6,6,6,0
P0048,election,controversial,TRUE,deceptive,4,4,5,4,4,0
P0048,great_wall,neutral,FALSE,deceptive,6,6,1,2,2,0
P0048,gun_control,controversial,FALSE,deceptive,2,2,2,6,6,0
P0048,lightning,neutral,FALSE,accurate,7,2,1,1,6,5
P0048,vaccines,controversial,FALSE,accurate,1,1,2,7,7,0
P0048,water_boil,neutral,TRUE,accurate,2,6,4,2,6,4
P0049,bones,neutral,TRUE,accurate,5,6,1,5,6,1
P0049,climate,controversial,TRUE,deceptive,6,6,6,6,6,0
P0049,election,controversial,TRUE,deceptive,4,3,2,4,3,-1
P0049,great_wall,neutral,FALSE,deceptive,6,7,4,2,1,-1
P0049,gun_control,controversial,FALSE,accurate,3,1,2,5,7,2
P0049,lightning,neutral,FALSE,accurate,5,6,2,3,2,-1
P0049,vaccines,controversial,FALSE,deceptive,6,6,3,2,2,0
P0049,water_boil,neutral,TRUE,accurate,5,6,4,5,6,1
P0050,bones,neutral,TRUE,deceptive,1,7,5,1,7,6
P0050,climate,controversial,TRUE,deceptive,5,5,6,5,5,0
P0050,election,controversial,TRUE,deceptive,1,1,7,1,1,0
P0050,great_wall,neutral,FALSE,deceptive,7,7,5,1,1,0
P0050,gun_control,controversial,FALSE,deceptive,1,1,1,7,7,0
P0050,lightning,neutral,FALSE,deceptive,1,1,4,7,7,0
P0050,vaccines,controversial,FALSE,accurate,1,7,6,7,1,-6
P0050,water_boil,neutral,TRUE,accurate,7,5,4,7,5,-2
P0051,bones,neutral,TRUE,deceptive,7,3,4,7,3,-4
P0051,climate,controversial,TRUE,deceptive,5,5,4,5,5,0
P0051,election,controversial,TRUE,accurate,7,7,7,7,7,0
P0051,great_wall,neutral,FALSE,accurate,2,7,3,6,1,-5
P0051,gun_control,controversial,FALSE,accurate,5,4,6,3,4,1
P0051,lightning,neutral,FALSE,accurate,2,6,2,6,2,-4
P0051,vaccines,controversial,FALSE,deceptive,1,1,7,7,7,0
P0051,water_boil,neutral,TRUE,accurate,6,7,5,6,7,1
P0052,bones,neutral,TRUE,accurate,4,2,3,4,2,-2
P0052,climate,controversial,TRUE,deceptive,5,4,4,5,4,-1
P0052,election,controversial,TRUE,deceptive,6,5,5,6,5,-1
P0052,great_wall,neutral,FALSE,accurate,5,3,4,3,5,2
P0052,gun_control,controversial,FALSE,deceptive,5,6,5,3,2,-1
P0052,lightning,neutral,FALSE,deceptive,4,5,2,4,3,-1
P0052,vaccines,controversial,FALSE,deceptive,4,4,4,4,4,0
P0052,water_boil,neutral,TRUE,accurate,3,3,4,3,3,0
P0053,bones,neutral,TRUE,accurate,6,7,2,6,7,1
P0053,climate,controversial,TRUE,accurate,3,4,4,3,4,1
P0053,election,controversial,TRUE,deceptive,3,7,4,3,7,4
P0053,great_wall,neutral,FALSE,deceptive,2,3,3,6,5,-1
P0053,gun_control,controversial,FALSE,accurate,3,6,3,5,2,-3
P0053,lightning,neutral,FALSE,deceptive,5,7,3,3,1,-2
P0053,vaccines,controversial,FALSE,deceptive,5,6,4,3,2,-1
P0053,water_boil,neutral,TRUE,deceptive,5,5,3,5,5,0
P0054,bones,neutral,TRUE,deceptive,7,6,4,7,6,-1
P0054,climate,controversial,TRUE,accurate,6,6,3,6,6,0
P0054,election,controversial,TRUE,accurate,6,7,3,6,7,1
P0054,great_wall,neutral,FALSE,deceptive,5,6,3,3,2,-1
P0054,gun_control,controversial,FALSE,deceptive,2,3,3,6,5,-1
P0054,lightning,neutral,FALSE,accurate,5,4,2,3,4,1
P0054,vaccines,controversial,FALSE,deceptive,1,1,3,7,7,0
P0054,water_boil,neutral,TRUE,accurate,7,7,7,7,7,0
P0055,bones,neutral,TRUE,deceptive,5,5,1,5,5,0
P0055,climate,controversial,TRUE,deceptive,7,2,6,7,2,-5
P0055,election,controversial,TRUE,deceptive,7,1,7,7,1,-6
P0055,great_wall,neutral,FALSE,deceptive,1,1,2,7,7,0
P0055,gun_control,controversial,FALSE,deceptive,1,4,5,7,4,-3
P0055,lightning,neutral,FALSE,deceptive,4,4,1,4,4,0
P0055,vaccines,controversial,FALSE,deceptive,1,1,2,7,7,0
P0055,water_boil,neutral,TRUE,deceptive,6,2,1,6,2,-4
P0056,bones,neutral,TRUE,accurate,4,4,1,4,4,0
P0056,climate,controversial,TRUE,accurate,6,6,5,6,6,0
P0056,election,controversial,TRUE,accurate,6,6,5,6,6,0
P0056,great_wall,neutral,FALSE,deceptive,6,6,4,2,2,0
P0056,gun_control,controversial,FALSE,accurate,6,4,4,2,4,2
P0056,lightning,neutral,FALSE,accurate,1,1,3,7,7,0
P0056,vaccines,controversial,FALSE,deceptive,2,2,3,6,6,0
P0056,water_boil,neutral,TRUE,accurate,4,4,1,4,4,0
P0057,bones,neutral,TRUE,deceptive,3,1,2,3,1,-2
P0057,climate,controversial,TRUE,accurate,6,6,3,6,6,0
P0057,election,controversial,TRUE,deceptive,3,1,3,3,1,-2
P0057,great_wall,neutral,FALSE,accurate,7,1,2,1,7,6
P0057,gun_control,controversial,FALSE,accurate,6,1,3,2,7,5
P0057,lightning,neutral,FALSE,accurate,4,1,2,4,7,3
P0057,vaccines,controversial,FALSE,deceptive,1,2,3,7,6,-1
P0057,water_boil,neutral,TRUE,accurate,6,7,4,6,7,1
P0058,bones,neutral,TRUE,accurate,7,7,6,7,7,0
P0058,climate,controversial,TRUE,deceptive,7,7,6,7,7,0
P0058,election,controversial,TRUE,deceptive,7,7,5,7,7,0
P0058,great_wall,neutral,FALSE,deceptive,7,7,5,1,1,0
P0058,gun_control,controversial,FALSE,accurate,2,2,5,6,6,0
P0058,lightning,neutral,FALSE,deceptive,1,1,4,7,7,0
P0058,vaccines,controversial,FALSE,accurate,1,1,5,7,7,0
P0058,water_boil,neutral,TRUE,deceptive,7,7,4,7,7,0
P0059,bones,neutral,TRUE,deceptive,6,5,2,6,5,-1
P0059,climate,controversial,TRUE,accurate,5,5,6,5,5,0
P0059,election,controversial,TRUE,deceptive,7,3,4,7,3,-4
P0059,great_wall,neutral,FALSE,accurate,1,1,1,7,7,0
P0059,gun_control,controversial,FALSE,deceptive,1,3,6,7,5,-2
P0059,lightning,neutral,FALSE,accurate,4,1,1,4,7,3
P0059,vaccines,controversial,FALSE,accurate,1,1,4,7,7,0
P0059,water_boil,neutral,TRUE,accurate,4,5,1,4,5,1
P0060,bones,neutral,TRUE,accurate,4,6,1,4,6,2
P0060,climate,controversial,TRUE,accurate,6,7,3,6,7,1
P0060,election,controversial,TRUE,accurate,4,4,4,4,4,0
P0060,great_wall,neutral,FALSE,deceptive,1,4,1,7,4,-3
P0060,gun_control,controversial,FALSE,accurate,7,1,1,1,7,6
P0060,lightning,neutral,FALSE,deceptive,4,6,2,4,2,-2
P0060,vaccines,controversial,FALSE,deceptive,1,3,4,7,5,-2
P0060,water_boil,neutral,TRUE,deceptive,4,4,1,4,4,0
P0061,bones,neutral,TRUE,accurate,7,6,3,7,6,-1
P0061,climate,controversial,TRUE,deceptive,7,7,6,7,7,0
P0061,election,controversial,TRUE,deceptive,7,7,6,7,7,0
P0061,great_wall,neutral,FALSE,accurate,6,6,2,2,2,0
P0061,gun_control,controversial,FALSE,accurate,2,2,5,6,6,0
P0061,lightning,neutral,FALSE,accurate,2,2,5,6,6,0
P0061,vaccines,controversial,FALSE,accurate,1,1,6,7,7,0
P0061,water_boil,neutral,TRUE,accurate,3,2,3,3,2,-1
P0062,bones,neutral,TRUE,accurate,3,6,4,3,6,3
P0062,climate,controversial,TRUE,accurate,3,4,4,3,4,1
P0062,election,controversial,TRUE,accurate,1,4,2,1,4,3
P0062,great_wall,neutral,FALSE,deceptive,1,2,4,7,6,-1
P0062,gun_control,controversial,FALSE,accurate,7,2,3,1,6,5
P0062,lightning,neutral,FALSE,deceptive,3,3,5,5,5,0
P0062,vaccines,controversial,FALSE,accurate,4,4,4,4,4,0
P0062,water_boil,neutral,TRUE,accurate,2,4,4,2,4,2
P0063,bones,neutral,TRUE,deceptive,2,1,1,2,1,-1
P0063,climate,controversial,TRUE,accurate,3,3,3,3,3,0
P0063,election,controversial,TRUE,deceptive,5,5,2,5,5,0
P0063,great_wall,neutral,FALSE,deceptive,1,1,4,7,7,0
P0063,gun_control,controversial,FALSE,deceptive,3,2,2,5,6,1
P0063,lightning,neutral,FALSE,deceptive,1,1,1,7,7,0
P0063,vaccines,controversial,FALSE,accurate,1,1,3,7,7,0
P0063,water_boil,neutral,TRUE,accurate,3,6,3,3,6,3
P0064,bones,neutral,TRUE,accurate,6,6,1,6,6,0
P0064,climate,controversial,TRUE,deceptive,6,7,7,6,7,1
P0064,election,controversial,TRUE,deceptive,7,7,7,7,7,0
P0064,great_wall,neutral,FALSE,accurate,7,2,1,1,6,5
P0064,gun_control,controversial,FALSE,accurate,2,1,6,6,7,1
P0064,lightning,neutral,FALSE,deceptive,3,5,1,5,3,-2
P0064,vaccines,controversial,FALSE,accurate,1,1,5,7,7,0
P0064,water_boil,neutral,TRUE,deceptive,7,5,3,7,5,-2
P0065,bones,neutral,TRUE,deceptive,7,7,6,7,7,0
P0065,climate,controversial,TRUE,accurate,7,7,6,7,7,0
P0065,election,controversial,TRUE,accurate,2,3,4,2,3,1
P0065,great_wall,neutral,FALSE,deceptive,2,2,4,6,6,0
P0065,gun_control,controversial,FALSE,deceptive,2,3,4,6,5,-1
P0065,lightning,neutral,FALSE,accurate,6,6,3,2,2,0
P0065,vaccines,controversial,FALSE,accurate,2,7,5,6,1,-5
P0065,water_boil,neutral,TRUE,deceptive,7,7,7,7,7,0
P0066,bones,neutral,TRUE,accurate,7,7,5,7,7,0
P0066,climate,controversial,TRUE,deceptive,7,7,4,7,7,0
P0066,election,controversial,TRUE,deceptive,2,1,6,2,1,-1
P0066,great_wall,neutral,FALSE,accurate,3,2,1,5,6,1
P0066,gun_control,controversial,FALSE,accurate,3,2,6,5,6,1
P0066,lightning,neutral,FALSE,deceptive,6,6,3,2,2,0
P0066,vaccines,controversial,FALSE,deceptive,2,3,4,6,5,-1
P0066,water_boil,neutral,TRUE,deceptive,7,1,2,7,1,-6
P0067,bones,neutral,TRUE,deceptive,7,3,3,7,3,-4
P0067,climate,controversial,TRUE,accurate,2,2,1,2,2,0
P0067,election,controversial,TRUE,deceptive,3,3,1,3,3,0
P0067,great_wall,neutral,FALSE,accurate,3,3,1,5,5,0
P0067,gun_control,controversial,FALSE,accurate,4,4,1,4,4,0
P0067,lightning,neutral,FALSE,accurate,5,3,1,3,5,2
P0067,vaccines,controversial,FALSE,deceptive,1,1,1,7,7,0
P0067,water_boil,neutral,TRUE,deceptive,5,4,1,5,4,-1
P0068,bones,neutral,TRUE,accurate,7,7,7,7,7,0
P0068,climate,controversial,TRUE,deceptive,6,3,4,6,3,-3
P0068,election,controversial,TRUE,accurate,2,3,5,2,3,1
P0068,great_wall,neutral,FALSE,deceptive,1,1,5,7,7,0
P0068,gun_control,controversial,FALSE,deceptive,5,6,6,3,2,-1
P0068,lightning,neutral,FALSE,deceptive,5,6,4,3,2,-1
P0068,vaccines,controversial,FALSE,deceptive,1,2,3,7,6,-1
P0068,water_boil,neutral,TRUE,deceptive,5,5,3,5,5,0
P0069,bones,neutral,TRUE,accurate,6,6,4,6,6,0
P0069,climate,controversial,TRUE,deceptive,3,2,5,3,2,-1
P0069,election,controversial,TRUE,accurate,7,7,6,7,7,0
P0069,great_wall,neutral,FALSE,deceptive,1,1,4,7,7,0
P0069,gun_control,controversial,FALSE,accurate,2,2,4,6,6,0
P0069,lightning,neutral,FALSE,deceptive,2,3,4,6,5,-1
P0069,vaccines,controversial,FALSE,deceptive,1,1,5,7,7,0
P0069,water_boil,neutral,TRUE,deceptive,7,6,5,7,6,-1
P0070,bones,neutral,TRUE,deceptive,3,3,3,3,3,0
P0070,climate,controversial,TRUE,deceptive,7,7,6,7,7,0
P0070,election,controversial,TRUE,deceptive,7,7,7,7,7,0
P0070,great_wall,neutral,FALSE,accurate,4,4,2,4,4,0
P0070,gun_control,controversial,FALSE,deceptive,1,1,6,7,7,0
P0070,lightning,neutral,FALSE,accurate,3,1,3,5,7,2
P0070,vaccines,controversial,FALSE,deceptive,1,1,6,7,7,0
P0070,water_boil,neutral,TRUE,deceptive,4,4,3,4,4,0
P0071,bones,neutral,TRUE,deceptive,7,7,4,7,7,0
P0071,climate,controversial,TRUE,deceptive,7,1,4,7,1,-6
P0071,election,controversial,TRUE,accurate,5,5,3,5,5,0
P0071,great_wall,neutral,FALSE,accurate,7,7,4,1,1,0
P0071,gun_control,controversial,FALSE,accurate,2,2,3,6,6,0
P0071,lightning,neutral,FALSE,deceptive,5,5,3,3,3,0
P0071,vaccines,controversial,FALSE,accurate,1,1,4,7,7,0
P0071,water_boil,neutral,TRUE,accurate,7,7,3,7,7,0
P0072,bones,neutral,TRUE,accurate,1,7,4,1,7,6
P0072,climate,controversial,TRUE,accurate,7,7,7,7,7,0
P0072,election,controversial,TRUE,accurate,1,3,4,1,3,2
P0072,great_wall,neutral,FALSE,deceptive,1,7,1,7,1,-6
P0072,gun_control,controversial,FALSE,accurate,4,1,3,4,7,3
P0072,lightning,neutral,FALSE,accurate,1,1,6,7,7,0
P0072,vaccines,controversial,FALSE,accurate,7,7,6,1,1,0
P0072,water_boil,neutral,TRUE,deceptive,3,1,1,3,1,-2
P0073,bones,neutral,TRUE,accurate,5,5,2,5,5,0
P0073,climate,controversial,TRUE,accurate,7,7,4,7,7,0
P0073,election,controversial,TRUE,deceptive,7,7,6,7,7,0
P0073,great_wall,neutral,FALSE,deceptive,6,6,1,2,2,0
P0073,gun_control,controversial,FALSE,accurate,2,2,5,6,6,0
P0073,lightning,neutral,FALSE,accurate,1,1,4,7,7,0
P0073,vaccines,controversial,FALSE,accurate,1,1,5,7,7,0
P0073,water_boil,neutral,TRUE,accurate,5,6,2,5,6,1
P0074,bones,neutral,TRUE,deceptive,6,5,2,6,5,-1
P0074,climate,controversial,TRUE,accurate,6,6,4,6,6,0
P0074,election,controversial,TRUE,accurate,6,7,3,6,7,1
P0074,great_wall,neutral,FALSE,accurate,5,2,2,3,6,3
P0074,gun_control,controversial,FALSE,deceptive,3,6,4,5,2,-3
P0074,lightning,neutral,FALSE,accurate,6,2,3,2,6,4
P0074,vaccines,controversial,FALSE,accurate,2,2,4,6,6,0
P0074,water_boil,neutral,TRUE,accurate,6,7,2,6,7,1
P0075,bones,neutral,TRUE,accurate,7,6,2,7,6,-1
P0075,climate,controversial,TRUE,accurate,7,7,4,7,7,0
P0075,election,controversial,TRUE,deceptive,7,6,4,7,6,-1
P0075,great_wall,neutral,FALSE,deceptive,2,5,1,6,3,-3
P0075,gun_control,controversial,FALSE,deceptive,3,2,3,5,6,1
P0075,lightning,neutral,FALSE,accurate,1,7,1,7,1,-6
P0075,vaccines,controversial,FALSE,accurate,2,6,3,6,2,-4
P0075,water_boil,neutral,TRUE,accurate,3,4,1,3,4,1
P0076,bones,neutral,TRUE,deceptive,2,1,4,2,1,-1
P0076,climate,controversial,TRUE,accurate,6,6,5,6,6,0
P0076,election,controversial,TRUE,accurate,5,6,4,5,6,1
P0076,great_wall,neutral,FALSE,deceptive,6,6,1,2,2,0
P0076,gun_control,controversial,FALSE,accurate,2,2,6,6,6,0
P0076,lightning,neutral,FALSE,deceptive,6,7,5,2,1,-1
P0076,vaccines,controversial,FALSE,accurate,5,5,5,3,3,0
P0076,water_boil,neutral,TRUE,deceptive,7,5,3,7,5,-2
P0077,bones,neutral,TRUE,deceptive,7,5,5,7,5,-2
P0077,climate,controversial,TRUE,accurate,4,5,4,4,5,1
P0077,election,controversial,TRUE,deceptive,4,4,4,4,4,0
P0077,great_wall,neutral,FALSE,deceptive,6,6,5,2,2,0
P0077,gun_control,controversial,FALSE,accurate,4,4,4,4,4,0
P0077,lightning,neutral,FALSE,deceptive,5,6,3,3,2,-1
P0077,vaccines,controversial,FALSE,accurate,3,4,4,5,4,-1
P0077,water_boil,neutral,TRUE,accurate,7,7,5,7,7,0
P0078,bones,neutral,TRUE,accurate,6,7,4,6,7,1
P0078,climate,controversial,TRUE,deceptive,6,5,4,6,5,-1
P0078,election,controversial,TRUE,accurate,7,7,6,7,7,0
P0078,great_wall,neutral,FALSE,deceptive,2,5,1,6,3,-3
P0078,gun_control,controversial,FALSE,deceptive,2,5,2,6,3,-3
P0078,lightning,neutral,FALSE,deceptive,4,6,1,4,2,-2
P0078,vaccines,controversial,FALSE,deceptive,1,2,4,7,6,-1
P0078,water_boil,neutral,TRUE,accurate,7,7,5,7,7,0
P0079,bones,neutral,TRUE,deceptive,6,5,4,6,5,-1
P0079,climate,controversial,TRUE,deceptive,5,5,3,5,5,0
P0079,election,controversial,TRUE,accurate,6,6,5,6,6,0
P0079,great_wall,neutral,FALSE,deceptive,5,5,4,3,3,0
P0079,gun_control,controversial,FALSE,accurate,3,3,3,5,5,0
P0079,lightning,neutral,FALSE,deceptive,3,4,2,5,4,-1
P0079,vaccines,controversial,FALSE,accurate,2,2,4,6,6,0
P0079,water_boil,neutral,TRUE,accurate,6,6,5,6,6,0
P0080,bones,neutral,TRUE,deceptive,4,6,2,4,6,2
P0080,climate,controversial,TRUE,accurate,6,6,4,6,6,0
P0080,election,controversial,TRUE,accurate,4,4,2,4,4,0
P0080,great_wall,neutral,FALSE,deceptive,6,6,5,2,2,0
P0080,gun_control,controversial,FALSE,accurate,5,5,4,3,3,0
P0080,lightning,neutral,FALSE,accurate,4,4,2,4,4,0
P0080,vaccines,controversial,FALSE,deceptive,2,2,6,6,6,0
P0080,water_boil,neutral,TRUE,deceptive,7,7,7,7,7,0
P0081,bones,neutral,TRUE,accurate,7,7,6,7,7,0
P0081,climate,controversial,TRUE,deceptive,6,3,5,6,3,-3
P0081,election,controversial,TRUE,accurate,4,4,6,4,4,0
P0081,great_wall,neutral,FALSE,deceptive,1,1,5,7,7,0
P0081,gun_control,controversial,FALSE,deceptive,3,1,4,5,7,2
P0081,lightning,neutral,FALSE,deceptive,2,7,2,6,1,-5
P0081,vaccines,controversial,FALSE,deceptive,1,1,7,7,7,0
P0081,water_boil,neutral,TRUE,accurate,7,6,5,7,6,-1
P0082,bones,neutral,TRUE,accurate,5,6,3,5,6,1
P0082,climate,controversial,TRUE,deceptive,7,4,4,7,4,-3
P0082,election,controversial,TRUE,deceptive,4,4,3,4,4,0
P0082,great_wall,neutral,FALSE,accurate,2,1,4,6,7,1
P0082,gun_control,controversial,FALSE,accurate,6,4,4,2,4,2
P0082,lightning,neutral,FALSE,accurate,2,1,5,6,7,1
P0082,vaccines,controversial,FALSE,deceptive,4,4,4,4,4,0
P0082,water_boil,neutral,TRUE,deceptive,5,5,1,5,5,0
P0083,bones,neutral,TRUE,accurate,6,6,5,6,6,0
P0083,climate,controversial,TRUE,accurate,6,6,5,6,6,0
P0083,election,controversial,TRUE,accurate,7,7,5,7,7,0
P0083,great_wall,neutral,FALSE,accurate,1,1,7,7,7,0
P0083,gun_control,controversial,FALSE,accurate,1,1,5,7,7,0
P0083,lightning,neutral,FALSE,deceptive,1,1,4,7,7,0
P0083,vaccines,controversial,FALSE,accurate,1,1,5,7,7,0
P0083,water_boil,neutral,TRUE,accurate,7,7,7,7,7,0
P0084,bones,neutral,TRUE,accurate,7,7,5,7,7,0
P0084,climate,controversial,TRUE,deceptive,7,5,3,7,5,-2
P0084,election,controversial,TRUE,accurate,5,5,4,5,5,0
P0084,great_wall,neutral,FALSE,accurate,4,4,2,4,4,0
P0084,gun_control,controversial,FALSE,deceptive,5,6,4,3,2,-1
P0084,lightning,neutral,FALSE,accurate,3,2,4,5,6,1
P0084,vaccines,controversial,FALSE,accurate,2,7,6,6,1,-5
P0084,water_boil,neutral,TRUE,accurate,2,6,1,2,6,4
P0085,bones,neutral,TRUE,accurate,7,7,6,7,7,0
P0085,climate,controversial,TRUE,deceptive,6,6,5,6,6,0
P0085,election,controversial,TRUE,accurate,7,7,7,7,7,0
P0085,great_wall,neutral,FALSE,accurate,1,1,5,7,7,0
P0085,gun_control,controversial,FALSE,accurate,6,5,5,2,3,1
P0085,lightning,neutral,FALSE,deceptive,1,1,4,7,7,0
P0085,vaccines,controversial,FALSE,deceptive,1,1,6,7,7,0
P0085,water_boil,neutral,TRUE,accurate,2,4,4,2,4,2
P0086,bones,neutral,TRUE,accurate,3,2,2,3,2,-1
P0086,climate,controversial,TRUE,deceptive,7,4,2,7,4,-3
P0086,election,controversial,TRUE,accurate,5,5,5,5,5,0
P0086,great_wall,neutral,FALSE,accurate,7,3,4,1,5,4
P0086,gun_control,controversial,FALSE,accurate,7,3,2,1,5,4
P0086,lightning,neutral,FALSE,accurate,7,5,2,1,3,2
P0086,vaccines,controversial,FALSE,accurate,1,3,4,7,5,-2
P0086,water_boil,neutral,TRUE,deceptive,6,4,3,6,4,-2
P0087,bones,neutral,TRUE,deceptive,5,5,3,5,5,0
P0087,climate,controversial,TRUE,accurate,7,7,6,7,7,0
P0087,election,controversial,TRUE,deceptive,4,4,4,4,4,0
P0087,great_wall,neutral,FALSE,deceptive,6,5,2,2,3,1
P0087,gun_control,controversial,FALSE,deceptive,2,6,4,6,2,-4
P0087,lightning,neutral,FALSE,deceptive,5,6,3,3,2,-1
P0087,vaccines,controversial,FALSE,accurate,1,6,5,7,2,-5
P0087,water_boil,neutral,TRUE,deceptive,4,4,1,4,4,0
P0088,bones,neutral,TRUE,deceptive,4,2,1,4,2,-2
P0088,climate,controversial,TRUE,accurate,6,6,3,6,6,0
P0088,election,controversial,TRUE,deceptive,7,4,5,7,4,-3
P0088,great_wall,neutral,FALSE,deceptive,6,1,1,2,7,5
P0088,gun_control,controversial,FALSE,deceptive,4,5,4,4,3,-1
P0088,lightning,neutral,FALSE,deceptive,1,6,4,7,2,-5
P0088,vaccines,controversial,FALSE,deceptive,1,2,1,7,6,-1
P0088,water_boil,neutral,TRUE,accurate,4,7,1,4,7,3
P0089,bones,neutral,TRUE,deceptive,7,7,4,7,7,0
P0089,climate,controversial,TRUE,deceptive,6,6,4,6,6,0
P0089,election,controversial,TRUE,deceptive,6,6,5,6,6,0
P0089,great_wall,neutral,FALSE,accurate,2,2,2,6,6,0
P0089,gun_control,controversial,FALSE,accurate,5,3,4,3,5,2
P0089,lightning,neutral,FALSE,accurate,6,4,1,2,4,2
P0089,vaccines,controversial,FALSE,accurate,2,2,2,6,6,0
P0089,water_boil,neutral,TRUE,deceptive,4,2,1,4,2,-2
P0090,bones,neutral,TRUE,deceptive,4,4,1,4,4,0
P0090,climate,controversial,TRUE,accurate,6,6,6,6,6,0
P0090,election,controversial,TRUE,accurate,4,4,3,4,4,0
P0090,great_wall,neutral,FALSE,deceptive,1,1,1,7,7,0
P0090,gun_control,controversial,FALSE,deceptive,4,4,6,4,4,0
P0090,lightning,neutral,FALSE,deceptive,1,3,1,7,5,-2
P0090,vaccines,controversial,FALSE,deceptive,2,3,5,6,5,-1
P0090,water_boil,neutral,TRUE,accurate,1,1,1,1,1,0
P0091,bones,neutral,TRUE,accurate,7,7,6,7,7,0
P0091,climate,controversial,TRUE,deceptive,3,6,5,3,6,3
P0091,election,controversial,TRUE,deceptive,1,7,7,1,7,6
P0091,great_wall,neutral,FALSE,deceptive,3,4,3,5,4,-1
P0091,gun_control,controversial,FALSE,accurate,2,2,6,6,6,0
P0091,lightning,neutral,FALSE,accurate,5,2,4,3,6,3
P0091,vaccines,controversial,FALSE,accurate,4,4,6,4,4,0
P0091,water_boil,neutral,TRUE,deceptive,7,3,5,7,3,-4
P0092,bones,neutral,TRUE,deceptive,7,7,4,7,7,0
P0092,climate,controversial,TRUE,deceptive,3,3,6,3,3,0
P0092,election,controversial,TRUE,deceptive,6,6,5,6,6,0
P0092,great_wall,neutral,FALSE,deceptive,5,5,2,3,3,0
P0092,gun_control,controversial,FALSE,accurate,6,6,7,2,2,0
P0092,lightning,neutral,FALSE,accurate,5,5,4,3,3,0
P0092,vaccines,controversial,FALSE,deceptive,1,1,6,7,7,0
P0092,water_boil,neutral,TRUE,accurate,7,7,4,7,7,0
P0093,bones,neutral,TRUE,accurate,7,7,4,7,7,0
P0093,climate,controversial,TRUE,deceptive,7,5,2,7,5,-2
P0093,election,controversial,TRUE,deceptive,4,4,4,4,4,0
P0093,great_wall,neutral,FALSE,deceptive,1,4,1,7,4,-3
P0093,gun_control,controversial,FALSE,deceptive,2,2,3,6,6,0
P0093,lightning,neutral,FALSE,accurate,5,4,1,3,4,1
P0093,vaccines,controversial,FALSE,deceptive,2,1,3,6,7,1
P0093,water_boil,neutral,TRUE,deceptive,4,5,1,4,5,1
P0094,bones,neutral,TRUE,deceptive,6,4,6,6,4,-2
P0094,climate,controversial,TRUE,deceptive,7,3,6,7,3,-4
P0094,election,controversial,TRUE,deceptive,2,2,6,2,2,0
P0094,great_wall,neutral,FALSE,accurate,1,1,6,7,7,0
P0094,gun_control,controversial,FALSE,deceptive,1,5,5,7,3,-4
P0094,lightning,neutral,FALSE,accurate,4,3,2,4,5,1
P0094,vaccines,controversial,FALSE,accurate,3,1,5,5,7,2
P0094,water_boil,neutral,TRUE,deceptive,4,1,4,4,1,-3
P0095,bones,neutral,TRUE,accurate,5,7,1,5,7,2
P0095,climate,controversial,TRUE,deceptive,5,5,6,5,5,0
P0095,election,controversial,TRUE,deceptive,2,1,7,2,1,-1
P0095,great_wall,neutral,FALSE,deceptive,6,7,4,2,1,-1
P0095,gun_control,controversial,FALSE,deceptive,1,7,5,7,1,-6
P0095,lightning,neutral,FALSE,accurate,6,6,1,2,2,0
P0095,vaccines,controversial,FALSE,accurate,4,5,6,4,3,-1
P0095,water_boil,neutral,TRUE,deceptive,1,1,5,1,1,0
P0096,bones,neutral,TRUE,accurate,7,7,7,7,7,0
P0096,climate,controversial,TRUE,accurate,7,7,5,7,7,0
P0096,election,controversial,TRUE,accurate,5,5,3,5,5,0
P0096,great_wall,neutral,FALSE,deceptive,6,6,5,2,2,0
P0096,gun_control,controversial,FALSE,deceptive,4,6,4,4,2,-2
P0096,lightning,neutral,FALSE,deceptive,1,1,6,7,7,0
P0096,vaccines,controversial,FALSE,deceptive,4,5,1,4,3,-1
P0096,water_boil,neutral,TRUE,accurate,7,7,7,7,7,0
P0097,bones,neutral,TRUE,accurate,7,7,7,7,7,0
P0097,climate,controversial,TRUE,accurate,7,7,6,7,7,0
P0097,election,controversial,TRUE,accurate,4,4,4,4,4,0
P0097,great_wall,neutral,FALSE,accurate,1,1,6,7,7,0
P0097,gun_control,controversial,FALSE,deceptive,1,1,6,7,7,0
P0097,lightning,neutral,FALSE,deceptive,3,3,2,5,5,0
P0097,vaccines,controversial,FALSE,deceptive,1,1,6,7,7,0
P0097,water_boil,neutral,TRUE,deceptive,7,7,7,7,7,0
P0098,bones,neutral,TRUE,deceptive,7,6,2,7,6,-1
P0098,climate,controversial,TRUE,accurate,3,3,2,3,3,0
P0098,election,controversial,TRUE,accurate,6,6,4,6,6,0
P0098,great_wall,neutral,FALSE,accurate,1,1,5,7,7,0
P0098,gun_control,controversial,FALSE,accurate,4,4,4,4,4,0
P0098,lightning,neutral,FALSE,deceptive,1,1,5,7,7,0
P0098,vaccines,controversial,FALSE,deceptive,2,2,2,6,6,0
P0098,water_boil,neutral,TRUE,accurate,6,6,4,6,6,0
P0099,bones,neutral,TRUE,accurate,7,7,4,7,7,0
P0099,climate,controversial,TRUE,accurate,6,6,3,6,6,0
P0099,election,controversial,TRUE,deceptive,6,6,4,6,6,0
P0099,great_wall,neutral,FALSE,accurate,2,2,1,6,6,0
P0099,gun_control,controversial,FALSE,deceptive,3,3,3,5,5,0
P0099,lightning,neutral,FALSE,deceptive,3,3,1,5,5,0
P0099,vaccines,controversial,FALSE,accurate,3,3,2,5,5,0
P0099,water_boil,neutral,TRUE,deceptive,2,2,2,2,2,0
P0100,bones,neutral,TRUE,accurate,7,7,7,7,7,0
P0100,climate,controversial,TRUE,accurate,6,6,4,6,6,0
P0100,election,controversial,TRUE,deceptive,5,5,5,5,5,0
P0100,great_wall,neutral,FALSE,deceptive,6,7,3,2,1,-1
P0100,gun_control,controversial,FALSE,accurate,4,4,3,4,4,0
P0100,lightning,neutral,FALSE,accurate,2,1,4,6,7,1
P0100,vaccines,controversial,FALSE,deceptive,1,1,4,7,7,0
P0100,water_boil,neutral,TRUE,deceptive,7,7,4,7,7,0
P0101,bones,neutral,TRUE,accurate,5,5,1,5,5,0
P0101,climate,controversial,TRUE,accurate,7,7,7,7,7,0
P0101,election,controversial,TRUE,accurate,7,7,7,7,7,0
P0101,great_wall,neutral,FALSE,deceptive,2,2,2,6,6,0
P0101,gun_control,controversial,FALSE,deceptive,2,2,6,6,6,0
P0101,lightning,neutral,FALSE,accurate,4,4,1,4,4,0
P0101,vaccines,controversial,FALSE,accurate,1,7,6,7,1,-6
P0101,water_boil,neutral,TRUE,accurate,6,6,5,6,6,0
P0102,bones,neutral,TRUE,accurate,7,7,4,7,7,0
P0102,climate,controversial,TRUE,accurate,3,3,4,3,3,0
P0102,election,controversial,TRUE,deceptive,3,3,6,3,3,0
P0102,great_wall,neutral,FALSE,accurate,7,1,3,1,7,6
P0102,gun_control,controversial,FALSE,accurate,5,3,6,3,5,2
P0102,lightning,neutral,FALSE,deceptive,3,5,4,5,3,-2
P0102,vaccines,controversial,FALSE,deceptive,4,6,6,4,2,-2
P0102,water_boil,neutral,TRUE,accurate,3,7,4,3,7,4
P0103,bones,neutral,TRUE,accurate,6,5,3,6,5,-1
P0103,climate,controversial,TRUE,accurate,5,5,5,5,5,0
P0103,election,controversial,TRUE,deceptive,3,2,7,3,2,-1
P0103,great_wall,neutral,FALSE,deceptive,6,5,6,2,3,1
P0103,gun_control,controversial,FALSE,deceptive,2,1,6,6,7,1
P0103,lightning,neutral,FALSE,accurate,6,6,1,2,2,0
P0103,vaccines,controversial,FALSE,accurate,1,1,7,7,7,0
P0103,water_boil,neutral,TRUE,accurate,6,6,5,6,6,0
P0104,bones,neutral,TRUE,deceptive,5,6,4,5,6,1
P0104,climate,controversial,TRUE,deceptive,7,1,3,7,1,-6
P0104,election,controversial,TRUE,deceptive,4,5,4,4,5,1
P0104,great_wall,neutral,FALSE,deceptive,1,4,1,7,4,-3
P0104,gun_control,controversial,FALSE,deceptive,1,7,1,7,1,-6
P0104,lightning,neutral,FALSE,accurate,1,6,5,7,2,-5
P0104,vaccines,controversial,FALSE,accurate,3,5,4,5,3,-2
P0104,water_boil,neutral,TRUE,deceptive,4,4,1,4,4,0
P0105,bones,neutral,TRUE,accurate,7,7,5,7,7,0
P0105,climate,controversial,TRUE,accurate,7,7,4,7,7,0
P0105,election,controversial,TRUE,deceptive,7,7,6,7,7,0
P0105,great_wall,neutral,FALSE,accurate,1,1,3,7,7,0
P0105,gun_control,controversial,FALSE,deceptive,1,1,4,7,7,0
P0105,lightning,neutral,FALSE,deceptive,5,6,2,3,2,-1
P0105,vaccines,controversial,FALSE,accurate,1,1,1,7,7,0
P0105,water_boil,neutral,TRUE,deceptive,6,6,2,6,6,0
P0106,bones,neutral,TRUE,deceptive,5,5,2,5,5,0
P0106,climate,controversial,TRUE,deceptive,6,3,5,6,3,-3
P0106,election,controversial,TRUE,deceptive,5,5,3,5,5,0
P0106,great_wall,neutral,FALSE,accurate,4,4,4,4,4,0
P0106,gun_control,controversial,FALSE,accurate,2,4,3,6,4,-2
P0106,lightning,neutral,FALSE,accurate,4,1,3,4,7,3
P0106,vaccines,controversial,FALSE,deceptive,2,3,3,6,5,-1
P0106,water_boil,neutral,TRUE,accurate,7,7,7,7,7,0
P0107,bones,neutral,TRUE,accurate,6,6,5,6,6,0
P0107,climate,controversial,TRUE,deceptive,6,6,4,6,6,0
P0107,election,controversial,TRUE,deceptive,6,6,5,6,6,0
P0107,great_wall,neutral,FALSE,deceptive,1,2,2,7,6,-1
P0107,gun_control,controversial,FALSE,deceptive,4,3,4,4,5,1
P0107,lightning,neutral,FALSE,accurate,5,6,2,3,2,-1
P0107,vaccines,controversial,FALSE,accurate,2,3,4,6,5,-1
P0107,water_boil,neutral,TRUE,deceptive,7,6,5,7,6,-1
P0108,bones,neutral,TRUE,deceptive,7,5,5,7,5,-2
P0108,climate,controversial,TRUE,accurate,6,7,7,6,7,1
P0108,election,controversial,TRUE,deceptive,6,4,6,6,4,-2
P0108,great_wall,neutral,FALSE,accurate,2,2,5,6,6,0
P0108,gun_control,controversial,FALSE,accurate,3,3,7,5,5,0
P0108,lightning,neutral,FALSE,deceptive,3,5,5,5,3,-2
P0108,vaccines,controversial,FALSE,deceptive,1,3,5,7,5,-2
P0108,water_boil,neutral,TRUE,accurate,4,5,6,4,5,1
P0109,bones,neutral,TRUE,accurate,7,7,3,7,7,0
P0109,climate,controversial,TRUE,deceptive,7,3,4,7,3,-4
P0109,election,controversial,TRUE,accurate,5,7,4,5,7,2
P0109,great_wall,neutral,FALSE,accurate,2,1,1,6,7,1
P0109,gun_control,controversial,FALSE,accurate,1,1,5,7,7,0
P0109,lightning,neutral,FALSE,accurate,1,1,2,7,7,0
P0109,vaccines,controversial,FALSE,accurate,2,1,3,6,7,1
P0109,water_boil,neutral,TRUE,accurate,7,7,5,7,7,0
P0110,bones,neutral,TRUE,accurate,6,6,4,6,6,0
P0110,climate,controversial,TRUE,deceptive,5,3,2,5,3,-2
P0110,election,controversial,TRUE,accurate,4,5,2,4,5,1
P0110,great_wall,neutral,FALSE,accurate,2,5,5,6,3,-3
P0110,gun_control,controversial,FALSE,deceptive,3,5,3,5,3,-2
P0110,lightning,neutral,FALSE,deceptive,4,4,2,4,4,0
P0110,vaccines,controversial,FALSE,deceptive,6,5,3,2,3,1
P0110,water_boil,neutral,TRUE,accurate,3,3,4,3,3,0
P0111,bones,neutral,TRUE,accurate,1,6,1,1,6,5
P0111,climate,controversial,TRUE,accurate,7,7,7,7,7,0
P0111,election,controversial,TRUE,accurate,3,4,5,3,4,1
P0111,great_wall,neutral,FALSE,accurate,6,6,1,2,2,0
P0111,gun_control,controversial,FALSE,accurate,4,7,7,4,1,-3
P0111,lightning,neutral,FALSE,deceptive,4,6,6,4,2,-2
P0111,vaccines,controversial,FALSE,deceptive,1,1,5,7,7,0
P0111,water_boil,neutral,TRUE,accurate,1,1,1,1,1,0
P0112,bones,neutral,TRUE,deceptive,7,6,3,7,6,-1
P0112,climate,controversial,TRUE,deceptive,4,4,5,4,4,0
P0112,election,controversial,TRUE,accurate,4,4,4,4,4,0
P0112,great_wall,neutral,FALSE,deceptive,6,6,4,2,2,0
P0112,gun_control,controversial,FALSE,deceptive,7,7,6,1,1,0
P0112,lightning,neutral,FALSE,accurate,2,2,4,6,6,0
P0112,vaccines,controversial,FALSE,accurate,3,3,3,5,5,0
P0112,water_boil,neutral,TRUE,deceptive,7,6,4,7,6,-1
P0113,bones,neutral,TRUE,accurate,6,7,4,6,7,1
P0113,climate,controversial,TRUE,accurate,6,6,4,6,6,0
P0113,election,controversial,TRUE,deceptive,5,5,4,5,5,0
P0113,great_wall,neutral,FALSE,accurate,1,1,4,7,7,0
P0113,gun_control,controversial,FALSE,deceptive,1,7,7,7,1,-6
P0113,lightning,neutral,FALSE,deceptive,1,1,3,7,7,0
P0113,vaccines,controversial,FALSE,deceptive,2,2,3,6,6,0
P0113,water_boil,neutral,TRUE,deceptive,7,7,7,7,7,0
P0114,bones,neutral,TRUE,accurate,7,7,6,7,7,0
P0114,climate,controversial,TRUE,accurate,7,7,7,7,7,0
P0114,election,controversial,TRUE,deceptive,7,3,5,7,3,-4
P0114,great_wall,neutral,FALSE,deceptive,5,3,1,3,5,2
P0114,gun_control,controversial,FALSE,accurate,1,1,7,7,7,0
P0114,lightning,neutral,FALSE,accurate,5,4,1,3,4,1
P0114,vaccines,controversial,FALSE,deceptive,2,2,4,6,6,0
P0114,water_boil,neutral,TRUE,accurate,5,5,1,5,5,0
P0115,bones,neutral,TRUE,deceptive,7,7,7,7,7,0
P0115,climate,controversial,TRUE,accurate,5,5,5,5,5,0
P0115,election,controversial,TRUE,accurate,3,3,7,3,3,0
P0115,great_wall,neutral,FALSE,deceptive,1,1,4,7,7,0
P0115,gun_control,controversial,FALSE,accurate,3,3,6,5,5,0
P0115,lightning,neutral,FALSE,accurate,1,1,4,7,7,0
P0115,vaccines,controversial,FALSE,deceptive,2,2,6,6,6,0
P0115,water_boil,neutral,TRUE,deceptive,4,4,1,4,4,0
P0116,bones,neutral,TRUE,deceptive,6,4,2,6,4,-2
P0116,climate,controversial,TRUE,accurate,7,7,7,7,7,0
P0116,election,controversial,TRUE,accurate,7,7,6,7,7,0
P0116,great_wall,neutral,FALSE,deceptive,5,6,2,3,2,-1
P0116,gun_control,controversial,FALSE,accurate,2,1,4,6,7,1
P0116,lightning,neutral,FALSE,accurate,4,1,3,4,7,3
P0116,vaccines,controversial,FALSE,accurate,2,2,4,6,6,0
P0116,water_boil,neutral,TRUE,deceptive,3,2,3,3,2,-1
P0117,bones,neutral,TRUE,accurate,7,7,5,7,7,0
P0117,climate,controversial,TRUE,accurate,7,7,4,7,7,0
P0117,election,controversial,TRUE,deceptive,7,7,3,7,7,0
P0117,great_wall,neutral,FALSE,deceptive,1,1,2,7,7,0
P0117,gun_control,controversial,FALSE,accurate,1,1,4,7,7,0
P0117,lightning,neutral,FALSE,accurate,1,1,1,7,7,0
P0117,vaccines,controversial,FALSE,accurate,1,1,5,7,7,0
P0117,water_boil,neutral,TRUE,accurate,7,7,1,7,7,0
P0118,bones,neutral,TRUE,accurate,7,6,1,7,6,-1
P0118,climate,controversial,TRUE,accurate,5,6,5,5,6,1
P0118,election,controversial,TRUE,deceptive,1,2,7,1,2,1
P0118,great_wall,neutral,FALSE,deceptive,3,6,1,5,2,-3
P0118,gun_control,controversial,FALSE,accurate,2,2,5,6,6,0
P0118,lightning,neutral,FALSE,deceptive,2,5,2,6,3,-3
P0118,vaccines,controversial,FALSE,deceptive,1,2,6,7,6,-1
P0118,water_boil,neutral,TRUE,deceptive,7,3,5,7,3,-4
P0119,bones,neutral,TRUE,accurate,6,6,2,6,6,0
P0119,climate,controversial,TRUE,deceptive,6,3,4,6,3,-3
P0119,election,controversial,TRUE,deceptive,4,5,3,4,5,1
P0119,great_wall,neutral,FALSE,deceptive,3,5,1,5,3,-2
P0119,gun_control,controversial,FALSE,accurate,3,4,3,5,4,-1
P0119,lightning,neutral,FALSE,deceptive,5,6,4,3,2,-1
P0119,vaccines,controversial,FALSE,deceptive,2,2,4,6,6,0
P0119,water_boil,neutral,TRUE,deceptive,7,6,4,7,6,-1
P0120,bones,neutral,TRUE,accurate,5,5,1,5,5,0
P0120,climate,controversial,TRUE,deceptive,7,7,2,7,7,0
P0120,election,controversial,TRUE,accurate,7,7,4,7,7,0
P0120,great_wall,neutral,FALSE,accurate,7,6,3,1,2,1
P0120,gun_control,controversial,FALSE,deceptive,1,3,1,7,5,-2
P0120,lightning,neutral,FALSE,accurate,2,1,1,6,7,1
P0120,vaccines,controversial,FALSE,accurate,1,1,4,7,7,0
P0120,water_boil,neutral,TRUE,deceptive,7,7,3,7,7,0
P0121,bones,neutral,TRUE,deceptive,7,6,2,7,6,-1
P0121,climate,controversial,TRUE,accurate,6,6,4,6,6,0
P0121,election,controversial,TRUE,deceptive,1,1,6,1,1,0
P0121,great_wall,neutral,FALSE,deceptive,3,5,1,5,3,-2
P0121,gun_control,controversial,FALSE,accurate,5,4,4,3,4,1
P0121,lightning,neutral,FALSE,deceptive,3,5,1,5,3,-2
P0121,vaccines,controversial,FALSE,deceptive,5,5,4,3,3,0
P0121,water_boil,neutral,TRUE,accurate,3,4,1,3,4,1
P0122,bones,neutral,TRUE,accurate,7,6,4,7,6,-1
P0122,climate,controversial,TRUE,accurate,7,7,5,7,7,0
P0122,election,controversial,TRUE,accurate,4,4,3,4,4,0
P0122,great_wall,neutral,FALSE,deceptive,2,5,1,6,3,-3
P0122,gun_control,controversial,FALSE,accurate,2,2,5,6,6,0
P0122,lightning,neutral,FALSE,accurate,6,5,1,2,3,1
P0122,vaccines,controversial,FALSE,accurate,4,4,3,4,4,0
P0122,water_boil,neutral,TRUE,deceptive,5,6,4,5,6,1
P0123,bones,neutral,TRUE,accurate,4,4,1,4,4,0
P0123,climate,controversial,TRUE,deceptive,5,6,5,5,6,1
P0123,election,controversial,TRUE,accurate,4,6,4,4,6,2
P0123,great_wall,neutral,FALSE,deceptive,4,1,1,4,7,3
P0123,gun_control,controversial,FALSE,accurate,1,1,4,7,7,0
P0123,lightning,neutral,FALSE,deceptive,1,1,1,7,7,0
P0123,vaccines,controversial,FALSE,deceptive,1,4,3,7,4,-3
P0123,water_boil,neutral,TRUE,deceptive,1,1,4,1,1,0
P0124,bones,neutral,TRUE,accurate,4,5,1,4,5,1
P0124,climate,controversial,TRUE,accurate,6,6,6,6,6,0
P0124,election,controversial,TRUE,accurate,7,7,7,7,7,0
P0124,great_wall,neutral,FALSE,accurate,4,2,1,4,6,2
P0124,gun_control,controversial,FALSE,accurate,2,2,5,6,6,0
P0124,lightning,neutral,FALSE,deceptive,2,3,1,6,5,-1
P0124,vaccines,controversial,FALSE,accurate,1,1,4,7,7,0
P0124,water_boil,neutral,TRUE,deceptive,4,3,1,4,3,-1
P0125,bones,neutral,TRUE,deceptive,7,5,3,7,5,-2
P0125,climate,controversial,TRUE,accurate,6,7,4,6,7,1
P0125,election,controversial,TRUE,accurate,7,7,7,7,7,0
P0125,great_wall,neutral,FALSE,deceptive,5,7,1,3,1,-2
P0125,gun_control,controversial,FALSE,accurate,1,1,6,7,7,0
P0125,lightning,neutral,FALSE,accurate,5,1,1,3,7,4
P0125,vaccines,controversial,FALSE,accurate,2,2,4,6,6,0
P0125,water_boil,neutral,TRUE,accurate,7,7,5,7,7,0
P0126,bones,neutral,TRUE,accurate,7,7,5,7,7,0
P0126,climate,controversial,TRUE,deceptive,6,6,5,6,6,0
P0126,election,controversial,TRUE,accurate,7,7,6,7,7,0
P0126,great_wall,neutral,FALSE,deceptive,6,6,4,2,2,0
P0126,gun_control,controversial,FALSE,deceptive,1,1,5,7,7,0
P0126,lightning,neutral,FALSE,accurate,7,7,3,1,1,0
P0126,vaccines,controversial,FALSE,accurate,1,1,6,7,7,0
P0126,water_boil,neutral,TRUE,accurate,7,7,6,7,7,0
P0127,bones,neutral,TRUE,accurate,7,7,7,7,7,0
P0127,climate,controversial,TRUE,deceptive,5,5,6,5,5,0
P0127,election,controversial,TRUE,accurate,4,4,7,4,4,0
P0127,great_wall,neutral,FALSE,deceptive,1,1,5,7,7,0
P0127,gun_control,controversial,FALSE,deceptive,4,4,6,4,4,0
P0127,lightning,neutral,FALSE,deceptive,1,1,4,7,7,0
P0127,vaccines,controversial,FALSE,accurate,1,1,5,7,7,0
P0127,water_boil,neutral,TRUE,deceptive,7,7,7,7,7,0
P0128,bones,neutral,TRUE,deceptive,5,3,1,5,3,-2
P0128,climate,controversial,TRUE,accurate,5,6,3,5,6,1
P0128,election,controversial,TRUE,deceptive,4,2,2,4,2,-2
P0128,great_wall,neutral,FALSE,accurate,4,2,1,4,6,2
P0128,gun_control,controversial,FALSE,deceptive,2,4,3,6,4,-2
P0128,lightning,neutral,FALSE,deceptive,5,6,2,3,2,-1
P0128,vaccines,controversial,FALSE,accurate,1,1,4,7,7,0
P0128,water_boil,neutral,TRUE,deceptive,4,2,2,4,2,-2
P0129,bones,neutral,TRUE,accurate,6,7,4,6,7,1
P0129,climate,controversial,TRUE,accurate,5,6,2,5,6,1
P0129,election,controversial,TRUE,accurate,3,3,5,3,3,0
P0129,great_wall,neutral,FALSE,accurate,3,2,1,5,6,1
P0129,gun_control,controversial,FALSE,accurate,2,2,6,6,6,0
P0129,lightning,neutral,FALSE,deceptive,1,1,5,7,7,0
P0129,vaccines,controversial,FALSE,deceptive,2,2,5,6,6,0
P0129,water_boil,neutral,TRUE,deceptive,7,7,6,7,7,0
P0130,bones,neutral,TRUE,deceptive,7,5,4,7,5,-2
P0130,climate,controversial,TRUE,deceptive,7,7,5,7,7,0
P0130,election,controversial,TRUE,deceptive,6,6,5,6,6,0
P0130,great_wall,neutral,FALSE,accurate,1,1,4,7,7,0
P0130,gun_control,controversial,FALSE,deceptive,2,2,5,6,6,0
P0130,lightning,neutral,FALSE,accurate,1,7,4,7,1,-6
P0130,vaccines,controversial,FALSE,accurate,1,1,5,7,7,0
P0130,water_boil,neutral,TRUE,deceptive,7,7,5,7,7,0
P0131,bones,neutral,TRUE,deceptive,7,6,2,7,6,-1
P0131,climate,controversial,TRUE,deceptive,6,6,4,6,6,0
P0131,election,controversial,TRUE,accurate,4,4,1,4,4,0
P0131,great_wall,neutral,FALSE,accurate,7,7,4,1,1,0
P0131,gun_control,controversial,FALSE,deceptive,1,1,6,7,7,0
P0131,lightning,neutral,FALSE,deceptive,4,4,1,4,4,0
P0131,vaccines,controversial,FALSE,accurate,1,1,5,7,7,0
P0131,water_boil,neutral,TRUE,deceptive,7,7,7,7,7,0
P0132,bones,neutral,TRUE,deceptive,6,7,4,6,7,1
P0132,climate,controversial,TRUE,deceptive,6,5,6,6,5,-1
P0132,election,controversial,TRUE,accurate,2,2,6,2,2,0
P0132,great_wall,neutral,FALSE,accurate,5,6,2,3,2,-1
P0132,gun_control,controversial,FALSE,deceptive,2,5,5,6,3,-3
P0132,lightning,neutral,FALSE,accurate,5,6,2,3,2,-1
P0132,vaccines,controversial,FALSE,accurate,1,1,6,7,7,0
P0132,water_boil,neutral,TRUE,deceptive,5,5,2,5,5,0
P0133,bones,neutral,TRUE,deceptive,7,6,5,7,6,-1
P0133,climate,controversial,TRUE,deceptive,1,1,6,1,1,0
P0133,election,controversial,TRUE,accurate,2,2,7,2,2,0
P0133,great_wall,neutral,FALSE,accurate,2,1,4,6,7,1
P0133,gun_control,controversial,FALSE,deceptive,4,4,5,4,4,0
P0133,lightning,neutral,FALSE,accurate,1,1,6,7,7,0
P0133,vaccines,controversial,FALSE,deceptive,5,5,6,3,3,0
P0133,water_boil,neutral,TRUE,accurate,7,7,7,7,7,0
P0134,bones,neutral,TRUE,deceptive,7,5,4,7,5,-2
P0134,climate,controversial,TRUE,accurate,7,7,6,7,7,0
P0134,election,controversial,TRUE,deceptive,7,7,6,7,7,0
P0134,great_wall,neutral,FALSE,accurate,7,6,3,1,2,1
P0134,gun_control,controversial,FALSE,accurate,2,2,5,6,6,0
P0134,lightning,neutral,FALSE,accurate,3,5,1,5,3,-2
P0134,vaccines,controversial,FALSE,deceptive,1,1,6,7,7,0
P0134,water_boil,neutral,TRUE,accurate,7,7,7,7,7,0
P0135,bones,neutral,TRUE,accurate,2,2,2,2,2,0
P0135,climate,controversial,TRUE,deceptive,6,5,4,6,5,-1
P0135,election,controversial,TRUE,deceptive,6,6,4,6,6,0
P0135,great_wall,neutral,FALSE,deceptive,3,4,2,5,4,-1
P0135,gun_control,controversial,FALSE,accurate,1,1,5,7,7,0
P0135,lightning,neutral,FALSE,accurate,2,2,6,6,6,0
P0135,vaccines,controversial,FALSE,accurate,1,1,7,7,7,0
P0135,water_boil,neutral,TRUE,deceptive,7,7,4,7,7,0
P0136,bones,neutral,TRUE,accurate,6,7,4,6,7,1
P0136,climate,controversial,TRUE,deceptive,6,5,4,6,5,-1
P0136,election,controversial,TRUE,deceptive,3,3,5,3,3,0
P0136,great_wall,neutral,FALSE,deceptive,1,3,3,7,5,-2
P0136,gun_control,controversial,FALSE,deceptive,2,4,4,6,4,-2
P0136,lightning,neutral,FALSE,accurate,1,1,4,7,7,0
P0136,vaccines,controversial,FALSE,accurate,1,1,4,7,7,0
P0136,water_boil,neutral,TRUE,deceptive,7,6,4,7,6,-1
P0137,bones,neutral,TRUE,accurate,6,7,3,6,7,1
P0137,climate,controversial,TRUE,accurate,6,7,3,6,7,1
P0137,election,controversial,TRUE,accurate,6,6,3,6,6,0
P0137,great_wall,neutral,FALSE,accurate,1,1,2,7,7,0
P0137,gun_control,controversial,FALSE,accurate,2,2,3,6,6,0
P0137,lightning,neutral,FALSE,deceptive,5,5,2,3,3,0
P0137,vaccines,controversial,FALSE,accurate,2,2,3,6,6,0
P0137,water_boil,neutral,TRUE,accurate,5,5,3,5,5,0
P0138,bones,neutral,TRUE,deceptive,7,2,2,7,2,-5
P0138,climate,controversial,TRUE,deceptive,7,3,3,7,3,-4
P0138,election,controversial,TRUE,accurate,7,7,7,7,7,0
P0138,great_wall,neutral,FALSE,deceptive,3,5,1,5,3,-2
P0138,gun_control,controversial,FALSE,deceptive,2,3,2,6,5,-1
P0138,lightning,neutral,FALSE,deceptive,7,7,6,1,1,0
P0138,vaccines,controversial,FALSE,deceptive,1,2,6,7,6,-1
P0138,water_boil,neutral,TRUE,deceptive,4,2,3,4,2,-2
P0139,bones,neutral,TRUE,deceptive,5,5,3,5,5,0
P0139,climate,controversial,TRUE,deceptive,5,4,4,5,4,-1
P0139,election,controversial,TRUE,accurate,3,6,5,3,6,3
P0139,great_wall,neutral,FALSE,accurate,1,1,1,7,7,0
P0139,gun_control,controversial,FALSE,accurate,1,1,4,7,7,0
P0139,lightning,neutral,FALSE,deceptive,3,5,2,5,3,-2
P0139,vaccines,controversial,FALSE,accurate,3,2,2,5,6,1
P0139,water_boil,neutral,TRUE,accurate,1,6,1,1,6,5
P0140,bones,neutral,TRUE,deceptive,7,6,6,7,6,-1
P0140,climate,controversial,TRUE,accurate,1,1,4,1,1,0
P0140,election,controversial,TRUE,deceptive,7,7,7,7,7,0
P0140,great_wall,neutral,FALSE,deceptive,7,7,6,1,1,0
P0140,gun_control,controversial,FALSE,accurate,6,2,5,2,6,4
P0140,lightning,neutral,FALSE,deceptive,1,1,2,7,7,0
P0140,vaccines,controversial,FALSE,deceptive,7,7,7,1,1,0
P0140,water_boil,neutral,TRUE,accurate,6,7,7,6,7,1
P0141,bones,neutral,TRUE,accurate,7,7,5,7,7,0
P0141,climate,controversial,TRUE,accurate,6,6,4,6,6,0
P0141,election,controversial,TRUE,deceptive,6,3,2,6,3,-3
P0141,great_wall,neutral,FALSE,accurate,6,2,2,2,6,4
P0141,gun_control,controversial,FALSE,accurate,2,2,3,6,6,0
P0141,lightning,neutral,FALSE,accurate,3,2,1,5,6,1
P0141,vaccines,controversial,FALSE,accurate,2,2,2,6,6,0
P0141,water_boil,neutral,TRUE,accurate,3,6,1,3,6,3
P0142,bones,neutral,TRUE,deceptive,4,2,5,4,2,-2
P0142,climate,controversial,TRUE,accurate,4,7,4,4,7,3
P0142,election,controversial,TRUE,deceptive,7,1,5,7,1,-6
P0142,great_wall,neutral,FALSE,deceptive,5,6,3,3,2,-1
P0142,gun_control,controversial,FALSE,deceptive,6,6,5,2,2,0
P0142,lightning,neutral,FALSE,accurate,3,7,4,5,1,-4
P0142,vaccines,controversial,FALSE,accurate,4,4,4,4,4,0
P0142,water_boil,neutral,TRUE,accurate,7,6,7,7,6,-1
P0143,bones,neutral,TRUE,deceptive,5,4,3,5,4,-1
P0143,climate,controversial,TRUE,accurate,5,5,4,5,5,0
P0143,election,controversial,TRUE,accurate,4,5,3,4,5,1
P0143,great_wall,neutral,FALSE,deceptive,3,5,1,5,3,-2
P0143,gun_control,controversial,FALSE,accurate,3,3,3,5,5,0
P0143,lightning,neutral,FALSE,deceptive,3,4,3,5,4,-1
P0143,vaccines,controversial,FALSE,accurate,2,2,3,6,6,0
P0143,water_boil,neutral,TRUE,deceptive,6,2,2,6,2,-4
P0144,bones,neutral,TRUE,accurate,7,7,6,7,7,0
P0144,climate,controversial,TRUE,deceptive,5,5,6,5,5,0
P0144,election,controversial,TRUE,accurate,6,7,5,6,7,1
P0144,great_wall,neutral,FALSE,deceptive,2,3,2,6,5,-1
P0144,gun_control,controversial,FALSE,deceptive,2,2,3,6,6,0
P0144,lightning,neutral,FALSE,accurate,1,1,4,7,7,0
P0144,vaccines,controversial,FALSE,deceptive,1,2,5,7,6,-1
P0144,water_boil,neutral,TRUE,accurate,1,5,1,1,5,4
P0145,bones,neutral,TRUE,deceptive,7,1,2,7,1,-6
P0145,climate,controversial,TRUE,deceptive,3,2,4,3,2,-1
P0145,election,controversial,TRUE,deceptive,2,3,4,2,3,1
P0145,great_wall,neutral,FALSE,deceptive,1,1,6,7,7,0
P0145,gun_control,controversial,FALSE,accurate,2,3,4,6,5,-1
P0145,lightning,neutral,FALSE,deceptive,2,6,5,6,2,-4
P0145,vaccines,controversial,FALSE,accurate,4,2,1,4,6,2
P0145,water_boil,neutral,TRUE,deceptive,5,2,1,5,2,-3
P0146,bones,neutral,TRUE,deceptive,7,6,3,7,6,-1
P0146,climate,controversial,TRUE,accurate,6,6,5,6,6,0
P0146,election,controversial,TRUE,deceptive,6,3,2,6,3,-3
P0146,great_wall,neutral,FALSE,deceptive,6,6,4,2,2,0
P0146,gun_control,controversial,FALSE,accurate,4,4,2,4,4,0
P0146,lightning,neutral,FALSE,accurate,3,2,3,5,6,1
P0146,vaccines,controversial,FALSE,deceptive,1,1,5,7,7,0
P0146,water_boil,neutral,TRUE,deceptive,5,4,1,5,4,-1
P0147,bones,neutral,TRUE,deceptive,2,6,6,2,6,4
P0147,climate,controversial,TRUE,accurate,7,7,7,7,7,0
P0147,election,controversial,TRUE,accurate,4,6,5,4,6,2
P0147,great_wall,neutral,FALSE,accurate,2,2,6,6,6,0
P0147,gun_control,controversial,FALSE,accurate,6,3,4,2,5,3
P0147,lightning,neutral,FALSE,deceptive,2,5,3,6,3,-3
P0147,vaccines,controversial,FALSE,deceptive,5,5,5,3,3,0
P0147,water_boil,neutral,TRUE,deceptive,5,1,1,5,1,-4
P0148,bones,neutral,TRUE,accurate,7,7,4,7,7,0
P0148,climate,controversial,TRUE,deceptive,7,2,5,7,2,-5
P0148,election,controversial,TRUE,accurate,3,3,1,3,3,0
P0148,great_wall,neutral,FALSE,deceptive,1,1,1,7,7,0
P0148,gun_control,controversial,FALSE,deceptive,2,2,4,6,6,0
P0148,lightning,neutral,FALSE,deceptive,4,5,1,4,3,-1
P0148,vaccines,controversial,FALSE,accurate,5,6,1,3,2,-1
P0148,water_boil,neutral,TRUE,accurate,4,5,2,4,5,1
P0149,bones,neutral,TRUE,accurate,4,7,1,4,7,3
P0149,climate,controversial,TRUE,deceptive,7,7,6,7,7,0
P0149,election,controversial,TRUE,accurate,5,5,2,5,5,0
P0149,great_wall,neutral,FALSE,accurate,3,1,4,5,7,2
P0149,gun_control,controversial,FALSE,deceptive,2,2,3,6,6,0
P0149,lightning,neutral,FALSE,deceptive,2,2,1,6,6,0
P0149,vaccines,controversial,FALSE,deceptive,1,1,5,7,7,0
P0149,water_boil,neutral,TRUE,accurate,4,7,1,4,7,3
P0150,bones,neutral,TRUE,accurate,7,7,7,7,7,0
P0150,climate,controversial,TRUE,deceptive,5,5,6,5,5,0
P0150,election,controversial,TRUE,deceptive,2,2,5,2,2,0
P0150,great_wall,neutral,FALSE,accurate,7,7,4,1,1,0
P0150,gun_control,controversial,FALSE,accurate,4,4,6,4,4,0
P0150,lightning,neutral,FALSE,accurate,4,4,2,4,4,0
P0150,vaccines,controversial,FALSE,accurate,4,4,5,4,4,0
P0150,water_boil,neutral,TRUE,deceptive,7,7,7,7,7,0
P0151,bones,neutral,TRUE,accurate,5,6,5,5,6,1
P0151,climate,controversial,TRUE,accurate,6,6,4,6,6,0
P0151,election,controversial,TRUE,deceptive,4,2,1,4,2,-2
P0151,great_wall,neutral,FALSE,deceptive,1,5,1,7,3,-4
P0151,gun_control,controversial,FALSE,deceptive,2,2,2,6,6,0
P0151,lightning,neutral,FALSE,accurate,4,7,1,4,1,-3
P0151,vaccines,controversial,FALSE,deceptive,2,3,2,6,5,-1
P0151,water_boil,neutral,TRUE,accurate,7,7,6,7,7,0
P0152,bones,neutral,TRUE,accurate,7,7,6,7,7,0
P0152,climate,controversial,TRUE,deceptive,5,5,5,5,5,0
P0152,election,controversial,TRUE,deceptive,7,7,6,7,7,0
P0152,great_wall,neutral,FALSE,accurate,4,4,1,4,4,0
P0152,gun_control,controversial,FALSE,deceptive,4,4,4,4,4,0
P0152,lightning,neutral,FALSE,deceptive,1,1,4,7,7,0
P0152,vaccines,controversial,FALSE,deceptive,1,1,6,7,7,0
P0152,water_boil,neutral,TRUE,accurate,7,7,6,7,7,0
P0153,bones,neutral,TRUE,accurate,7,7,6,7,7,0
P0153,climate,controversial,TRUE,accurate,7,7,4,7,7,0
P0153,election,controversial,TRUE,accurate,3,4,2,3,4,1
P0153,great_wall,neutral,FALSE,accurate,5,5,4,3,3,0
P0153,gun_control,controversial,FALSE,deceptive,6,6,3,2,2,0
P0153,lightning,neutral,FALSE,accurate,1,1,3,7,7,0
P0153,vaccines,controversial,FALSE,accurate,1,1,4,7,7,0
P0153,water_boil,neutral,TRUE,accurate,5,6,3,5,6,1
P0154,bones,neutral,TRUE,deceptive,5,5,3,5,5,0
P0154,climate,controversial,TRUE,deceptive,6,2,1,6,2,-4
P0154,election,controversial,TRUE,accurate,2,3,3,2,3,1
P0154,great_wall,neutral,FALSE,accurate,1,6,3,7,2,-5
P0154,gun_control,controversial,FALSE,deceptive,6,3,4,2,5,3
P0154,lightning,neutral,FALSE,accurate,5,5,4,3,3,0
P0154,vaccines,controversial,FALSE,deceptive,6,3,4,2,5,3
P0154,water_boil,neutral,TRUE,deceptive,5,3,3,5,3,-2
P0155,bones,neutral,TRUE,deceptive,7,2,2,7,2,-5
P0155,climate,controversial,TRUE,deceptive,7,2,4,7,2,-5
P0155,election,controversial,TRUE,accurate,2,7,4,2,7,5
P0155,great_wall,neutral,FALSE,accurate,1,1,2,7,7,0
P0155,gun_control,controversial,FALSE,deceptive,1,7,3,7,1,-6
P0155,lightning,neutral,FALSE,deceptive,1,7,1,7,1,-6
P0155,vaccines,controversial,FALSE,accurate,1,1,3,7,7,0
P0155,water_boil,neutral,TRUE,deceptive,7,1,2,7,1,-6
P0156,bones,neutral,TRUE,accurate,1,7,4,1,7,6
P0156,climate,controversial,TRUE,accurate,2,6,2,2,6,4
P0156,election,controversial,TRUE,accurate,3,6,4,3,6,3
P0156,great_wall,neutral,FALSE,deceptive,2,6,1,6,2,-4
P0156,gun_control,controversial,FALSE,accurate,2,1,5,6,7,1
P0156,lightning,neutral,FALSE,deceptive,3,7,2,5,1,-4
P0156,vaccines,controversial,FALSE,accurate,1,1,6,7,7,0
P0156,water_boil,neutral,TRUE,accurate,3,5,1,3,5,2
P0157,bones,neutral,TRUE,accurate,6,6,2,6,6,0
P0157,climate,controversial,TRUE,accurate,6,3,1,6,3,-3
P0157,election,controversial,TRUE,accurate,6,4,5,6,4,-2
P0157,great_wall,neutral,FALSE,deceptive,4,4,2,4,4,0
P0157,gun_control,controversial,FALSE,deceptive,1,1,4,7,7,0
P0157,lightning,neutral,FALSE,deceptive,5,3,2,3,5,2
P0157,vaccines,controversial,FALSE,deceptive,1,4,1,7,4,-3
P0157,water_boil,neutral,TRUE,accurate,3,2,2,3,2,-1
P0158,bones,neutral,TRUE,deceptive,7,2,5,7,2,-5
P0158,climate,controversial,TRUE,accurate,6,7,3,6,7,1
P0158,election,controversial,TRUE,deceptive,5,5,1,5,5,0
P0158,great_wall,neutral,FALSE,accurate,2,1,1,6,7,1
P0158,gun_control,controversial,FALSE,deceptive,2,2,2,6,6,0
P0158,lightning,neutral,FALSE,accurate,7,4,3,1,4,3
P0158,vaccines,controversial,FALSE,accurate,1,1,4,7,7,0
P0158,water_boil,neutral,TRUE,accurate,6,7,4,6,7,1
P0159,bones,neutral,TRUE,accurate,7,7,2,7,7,0
P0159,climate,controversial,TRUE,accurate,6,6,2,6,6,0
P0159,election,controversial,TRUE,accurate,6,6,5,6,6,0
P0159,great_wall,neutral,FALSE,deceptive,6,7,2,2,1,-1
P0159,gun_control,controversial,FALSE,deceptive,3,3,3,5,5,0
P0159,lightning,neutral,FALSE,deceptive,3,3,1,5,5,0
P0159,vaccines,controversial,FALSE,deceptive,2,2,3,6,6,0
P0159,water_boil,neutral,TRUE,deceptive,7,6,2,7,6,-1
P0160,bones,neutral,TRUE,deceptive,4,3,1,4,3,-1
P0160,climate,controversial,TRUE,accurate,5,5,4,5,5,0
P0160,election,controversial,TRUE,deceptive,7,7,2,7,7,0
P0160,great_wall,neutral,FALSE,deceptive,1,3,1,7,5,-2
P0160,gun_control,controversial,FALSE,deceptive,5,5,4,3,3,0
P0160,lightning,neutral,FALSE,accurate,3,3,3,5,5,0
P0160,vaccines,controversial,FALSE,accurate,3,3,2,5,5,0
P0160,water_boil,neutral,TRUE,accurate,1,2,5,1,2,1
P0161,bones,neutral,TRUE,accurate,7,7,7,7,7,0
P0161,climate,controversial,TRUE,accurate,6,6,6,6,6,0
P0161,election,controversial,TRUE,deceptive,7,7,6,7,7,0
P0161,great_wall,neutral,FALSE,deceptive,5,5,1,3,3,0
P0161,gun_control,controversial,FALSE,deceptive,1,1,2,7,7,0
P0161,lightning,neutral,FALSE,accurate,1,1,4,7,7,0
P0161,vaccines,controversial,FALSE,deceptive,1,1,4,7,7,0
P0161,water_boil,neutral,TRUE,accurate,7,7,7,7,7,0
P0162,bones,neutral,TRUE,accurate,7,7,7,7,7,0
P0162,climate,controversial,TRUE,accurate,1,1,2,1,1,0
P0162,election,controversial,TRUE,accurate,4,4,2,4,4,0
P0162,great_wall,neutral,FALSE,accurate,1,1,7,7,7,0
P0162,gun_control,controversial,FALSE,accurate,4,4,4,4,4,0
P0162,lightning,neutral,FALSE,accurate,5,5,4,3,3,0
P0162,vaccines,controversial,FALSE,accurate,7,7,7,1,1,0
P0162,water_boil,neutral,TRUE,deceptive,2,1,3,2,1,-1
P0163,bones,neutral,TRUE,deceptive,7,7,4,7,7,0
P0163,climate,controversial,TRUE,deceptive,7,2,5,7,2,-5
P0163,election,controversial,TRUE,accurate,1,7,6,1,7,6
P0163,great_wall,neutral,FALSE,deceptive,4,7,1,4,1,-3
P0163,gun_control,controversial,FALSE,deceptive,1,4,4,7,4,-3
P0163,lightning,neutral,FALSE,deceptive,7,7,4,1,1,0
P0163,vaccines,controversial,FALSE,deceptive,6,7,6,2,1,-1
P0163,water_boil,neutral,TRUE,deceptive,5,7,1,5,7,2
P0164,bones,neutral,TRUE,accurate,7,5,2,7,5,-2
P0164,climate,controversial,TRUE,deceptive,7,4,1,7,4,-3
P0164,election,controversial,TRUE,accurate,4,4,3,4,4,0
P0164,great_wall,neutral,FALSE,accurate,2,3,4,6,5,-1
P0164,gun_control,controversial,FALSE,accurate,2,4,6,6,4,-2
P0164,lightning,neutral,FALSE,deceptive,4,4,1,4,4,0
P0164,vaccines,controversial,FALSE,deceptive,3,5,1,5,3,-2
P0164,water_boil,neutral,TRUE,deceptive,5,6,1,5,6,1
P0165,bones,neutral,TRUE,accurate,6,7,6,6,7,1
P0165,climate,controversial,TRUE,accurate,6,6,5,6,6,0
P0165,election,controversial,TRUE,accurate,6,6,5,6,6,0
P0165,great_wall,neutral,FALSE,accurate,3,2,1,5,6,1
P0165,gun_control,controversial,FALSE,accurate,2,1,2,6,7,1
P0165,lightning,neutral,FALSE,deceptive,5,6,4,3,2,-1
P0165,vaccines,controversial,FALSE,deceptive,2,2,3,6,6,0
P0165,water_boil,neutral,TRUE,accurate,7,7,5,7,7,0
P0166,bones,neutral,TRUE,accurate,7,7,5,7,7,0
P0166,climate,controversial,TRUE,accurate,7,7,6,7,7,0
P0166,election,controversial,TRUE,deceptive,1,1,3,1,1,0
P0166,great_wall,neutral,FALSE,deceptive,1,2,2,7,6,-1
P0166,gun_control,controversial,FALSE,accurate,2,1,5,6,7,1
P0166,lightning,neutral,FALSE,accurate,2,1,2,6,7,1
P0166,vaccines,controversial,FALSE,deceptive,1,1,5,7,7,0
P0166,water_boil,neutral,TRUE,accurate,7,7,6,7,7,0
P0167,bones,neutral,TRUE,deceptive,7,4,1,7,4,-3
P0167,climate,controversial,TRUE,accurate,6,7,4,6,7,1
P0167,election,controversial,TRUE,deceptive,7,6,5,7,6,-1
P0167,great_wall,neutral,FALSE,deceptive,1,5,1,7,3,-4
P0167,gun_control,controversial,FALSE,accurate,2,2,5,6,6,0
P0167,lightning,neutral,FALSE,deceptive,2,4,3,6,4,-2
P0167,vaccines,controversial,FALSE,accurate,2,1,6,6,7,1
P0167,water_boil,neutral,TRUE,deceptive,6,3,1,6,3,-3
P0168,bones,neutral,TRUE,deceptive,5,5,2,5,5,0
P0168,climate,controversial,TRUE,deceptive,6,6,3,6,6,0
P0168,election,controversial,TRUE,deceptive,7,7,4,7,7,0
P0168,great_wall,neutral,FALSE,deceptive,6,6,1,2,2,0
P0168,gun_control,controversial,FALSE,deceptive,2,1,2,6,7,1
P0168,lightning,neutral,FALSE,deceptive,2,2,1,6,6,0
P0168,vaccines,controversial,FALSE,deceptive,2,2,2,6,6,0
P0168,water_boil,neutral,TRUE,accurate,7,7,3,7,7,0
P0169,bones,neutral,TRUE,deceptive,5,2,4,5,2,-3
P0169,climate,controversial,TRUE,accurate,6,7,6,6,7,1
P0169,election,controversial,TRUE,deceptive,3,2,5,3,2,-1
P0169,great_wall,neutral,FALSE,deceptive,7,7,7,1,1,0
P0169,gun_control,controversial,FALSE,accurate,1,1,6,7,7,0
P0169,lightning,neutral,FALSE,accurate,6,1,3,2,7,5
P0169,vaccines,controversial,FALSE,accurate,1,1,6,7,7,0
P0169,water_boil,neutral,TRUE,accurate,7,7,6,7,7,0
P0170,bones,neutral,TRUE,accurate,3,5,2,3,5,2
P0170,climate,controversial,TRUE,deceptive,6,1,5,6,1,-5
P0170,election,controversial,TRUE,deceptive,6,4,6,6,4,-2
P0170,great_wall,neutral,FALSE,deceptive,2,3,1,6,5,-1
P0170,gun_control,controversial,FALSE,deceptive,1,1,6,7,7,0
P0170,lightning,neutral,FALSE,deceptive,6,4,2,2,4,2
P0170,vaccines,controversial,FALSE,deceptive,1,1,7,7,7,0
P0170,water_boil,neutral,TRUE,deceptive,1,5,1,1,5,4
P0171,bones,neutral,TRUE,deceptive,7,7,4,7,7,0
P0171,climate,controversial,TRUE,deceptive,6,6,3,6,6,0
P0171,election,controversial,TRUE,accurate,7,7,4,7,7,0
P0171,great_wall,neutral,FALSE,deceptive,1,1,1,7,7,0
P0171,gun_control,controversial,FALSE,accurate,1,1,4,7,7,0
P0171,lightning,neutral,FALSE,deceptive,2,2,3,6,6,0
P0171,vaccines,controversial,FALSE,accurate,1,1,2,7,7,0
P0171,water_boil,neutral,TRUE,deceptive,7,7,1,7,7,0
P0172,bones,neutral,TRUE,deceptive,1,1,5,1,1,0
P0172,climate,controversial,TRUE,deceptive,6,6,5,6,6,0
P0172,election,controversial,TRUE,accurate,7,7,6,7,7,0
P0172,great_wall,neutral,FALSE,accurate,3,2,1,5,6,1
P0172,gun_control,controversial,FALSE,accurate,2,2,4,6,6,0
P0172,lightning,neutral,FALSE,accurate,4,5,1,4,3,-1
P0172,vaccines,controversial,FALSE,accurate,1,1,5,7,7,0
P0172,water_boil,neutral,TRUE,accurate,4,5,1,4,5,1
P0173,bones,neutral,TRUE,accurate,4,4,1,4,4,0
P0173,climate,controversial,TRUE,deceptive,7,7,6,7,7,0
P0173,election,controversial,TRUE,accurate,2,2,1,2,2,0
P0173,great_wall,neutral,FALSE,accurate,7,7,7,1,1,0
P0173,gun_control,controversial,FALSE,deceptive,2,1,3,6,7,1
P0173,lightning,neutral,FALSE,deceptive,3,5,4,5,3,-2
P0173,vaccines,controversial,FALSE,accurate,2,1,3,6,7,1
P0173,water_boil,neutral,TRUE,accurate,6,5,3,6,5,-1
P0174,bones,neutral,TRUE,deceptive,6,6,4,6,6,0
P0174,climate,controversial,TRUE,accurate,6,6,6,6,6,0
P0174,election,controversial,TRUE,deceptive,6,6,6,6,6,0
P0174,great_wall,neutral,FALSE,accurate,2,2,3,6,6,0
P0174,gun_control,controversial,FALSE,deceptive,2,2,6,6,6,0
P0174,lightning,neutral,FALSE,deceptive,3,3,4,5,5,0
P0174,vaccines,controversial,FALSE,accurate,2,2,5,6,6,0
P0174,water_boil,neutral,TRUE,deceptive,6,6,4,6,6,0
P0175,bones,neutral,TRUE,accurate,6,5,6,6,5,-1
P0175,climate,controversial,TRUE,deceptive,6,6,6,6,6,0
P0175,election,controversial,TRUE,deceptive,7,7,6,7,7,0
P0175,great_wall,neutral,FALSE,deceptive,5,4,2,3,4,1
P0175,gun_control,controversial,FALSE,deceptive,2,2,4,6,6,0
P0175,lightning,neutral,FALSE,accurate,2,5,3,6,3,-3
P0175,vaccines,controversial,FALSE,deceptive,2,2,6,6,6,0
P0175,water_boil,neutral,TRUE,deceptive,4,4,2,4,4,0
P0176,bones,neutral,TRUE,deceptive,4,4,3,4,4,0
P0176,climate,controversial,TRUE,accurate,4,4,3,4,4,0
P0176,election,controversial,TRUE,accurate,4,4,3,4,4,0
P0176,great_wall,neutral,FALSE,deceptive,4,4,3,4,4,0
P0176,gun_control,controversial,FALSE,deceptive,4,4,3,4,4,0
P0176,lightning,neutral,FALSE,accurate,4,4,3,4,4,0
P0176,vaccines,controversial,FALSE,accurate,4,4,3,4,4,0
P0176,water_boil,neutral,TRUE,deceptive,4,4,2,4,4,0
P0177,bones,neutral,TRUE,deceptive,1,1,5,1,1,0
P0177,climate,controversial,TRUE,deceptive,5,1,4,5,1,-4
P0177,election,controversial,TRUE,deceptive,1,7,5,1,7,6
P0177,great_wall,neutral,FALSE,deceptive,3,7,1,5,1,-4
P0177,gun_control,controversial,FALSE,deceptive,6,7,4,2,1,-1
P0177,lightning,neutral,FALSE,accurate,5,6,1,3,2,-1
P0177,vaccines,controversial,FALSE,deceptive,3,6,3,5,2,-3
P0177,water_boil,neutral,TRUE,deceptive,5,4,4,5,4,-1
P0178,bones,neutral,TRUE,deceptive,5,5,3,5,5,0
P0178,climate,controversial,TRUE,deceptive,6,6,4,6,6,0
P0178,election,controversial,TRUE,deceptive,6,6,4,6,6,0
P0178,great_wall,neutral,FALSE,deceptive,2,3,1,6,5,-1
P0178,gun_control,controversial,FALSE,accurate,4,3,2,4,5,1
P0178,lightning,neutral,FALSE,deceptive,1,1,4,7,7,0
P0178,vaccines,controversial,FALSE,deceptive,2,1,3,6,7,1
P0178,water_boil,neutral,TRUE,deceptive,7,7,6,7,7,0
P0179,bones,neutral,TRUE,deceptive,4,5,2,4,5,1
P0179,climate,controversial,TRUE,accurate,7,7,7,7,7,0
P0179,election,controversial,TRUE,deceptive,2,2,5,2,2,0
P0179,great_wall,neutral,FALSE,accurate,6,4,1,2,4,2
P0179,gun_control,controversial,FALSE,accurate,7,2,4,1,6,5
P0179,lightning,neutral,FALSE,deceptive,2,4,2,6,4,-2
P0179,vaccines,controversial,FALSE,accurate,5,3,5,3,5,2
P0179,water_boil,neutral,TRUE,deceptive,4,5,3,4,5,1
P0180,bones,neutral,TRUE,deceptive,4,7,4,4,7,3
P0180,climate,controversial,TRUE,deceptive,7,7,4,7,7,0
P0180,election,controversial,TRUE,accurate,4,4,4,4,4,0
P0180,great_wall,neutral,FALSE,accurate,7,2,3,1,6,5
P0180,gun_control,controversial,FALSE,deceptive,4,4,4,4,4,0
P0180,lightning,neutral,FALSE,accurate,4,4,4,4,4,0
P0180,vaccines,controversial,FALSE,accurate,2,2,5,6,6,0
P0180,water_boil,neutral,TRUE,accurate,4,4,4,4,4,0
P0181,bones,neutral,TRUE,deceptive,4,7,1,4,7,3
P0181,climate,controversial,TRUE,accurate,6,6,4,6,6,0
P0181,election,controversial,TRUE,accurate,5,7,5,5,7,2
P0181,great_wall,neutral,FALSE,accurate,6,4,1,2,4,2
P0181,gun_control,controversial,FALSE,accurate,5,3,2,3,5,2
P0181,lightning,neutral,FALSE,deceptive,3,5,1,5,3,-2
P0181,vaccines,controversial,FALSE,deceptive,1,4,1,7,4,-3
P0181,water_boil,neutral,TRUE,deceptive,2,1,1,2,1,-1
P0182,bones,neutral,TRUE,accurate,5,6,2,5,6,1
P0182,climate,controversial,TRUE,accurate,7,7,7,7,7,0
P0182,election,controversial,TRUE,deceptive,7,5,4,7,5,-2
P0182,great_wall,neutral,FALSE,deceptive,1,1,2,7,7,0
P0182,gun_control,controversial,FALSE,deceptive,2,5,4,6,3,-3
P0182,lightning,neutral,FALSE,deceptive,4,5,1,4,3,-1
P0182,vaccines,controversial,FALSE,accurate,1,7,6,7,1,-6
P0182,water_boil,neutral,TRUE,accurate,5,7,6,5,7,2
P0183,bones,neutral,TRUE,accurate,4,4,4,4,4,0
P0183,climate,controversial,TRUE,accurate,4,5,4,4,5,1
P0183,election,controversial,TRUE,accurate,4,4,4,4,4,0
P0183,great_wall,neutral,FALSE,accurate,5,4,4,3,4,1
P0183,gun_control,controversial,FALSE,accurate,4,3,5,4,5,1
P0183,lightning,neutral,FALSE,accurate,3,3,4,5,5,0
P0183,vaccines,controversial,FALSE,deceptive,3,3,4,5,5,0
P0183,water_boil,neutral,TRUE,accurate,4,3,5,4,3,-1
P0184,bones,neutral,TRUE,accurate,5,6,2,5,6,1
P0184,climate,controversial,TRUE,deceptive,6,3,3,6,3,-3
P0184,election,controversial,TRUE,accurate,3,3,5,3,3,0
P0184,great_wall,neutral,FALSE,accurate,5,3,2,3,5,2
P0184,gun_control,controversial,FALSE,deceptive,5,5,4,3,3,0
P0184,lightning,neutral,FALSE,deceptive,5,5,2,3,3,0
P0184,vaccines,controversial,FALSE,deceptive,3,2,3,5,6,1
P0184,water_boil,neutral,TRUE,deceptive,6,7,1,6,7,1
P0185,bones,neutral,TRUE,deceptive,5,1,1,5,1,-4
P0185,climate,controversial,TRUE,accurate,6,7,4,6,7,1
P0185,election,controversial,TRUE,deceptive,6,2,2,6,2,-4
P0185,great_wall,neutral,FALSE,accurate,4,1,1,4,7,3
P0185,gun_control,controversial,FALSE,accurate,7,6,2,1,2,1
P0185,lightning,neutral,FALSE,deceptive,2,7,1,6,1,-5
P0185,vaccines,controversial,FALSE,deceptive,4,5,5,4,3,-1
P0185,water_boil,neutral,TRUE,accurate,6,6,3,6,6,0
P0186,bones,neutral,TRUE,accurate,5,6,4,5,6,1
P0186,climate,controversial,TRUE,accurate,7,7,5,7,7,0
P0186,election,controversial,TRUE,deceptive,1,1,7,1,1,0
P0186,great_wall,neutral,FALSE,accurate,6,5,2,2,3,1
P0186,gun_control,controversial,FALSE,accurate,4,4,7,4,4,0
P0186,lightning,neutral,FALSE,deceptive,1,1,4,7,7,0
P0186,vaccines,controversial,FALSE,deceptive,1,1,5,7,7,0
P0186,water_boil,neutral,TRUE,deceptive,2,2,1,2,2,0
P0187,bones,neutral,TRUE,deceptive,7,7,4,7,7,0
P0187,climate,controversial,TRUE,accurate,5,5,5,5,5,0
P0187,election,controversial,TRUE,accurate,7,7,6,7,7,0
P0187,great_wall,neutral,FALSE,accurate,1,1,5,7,7,0
P0187,gun_control,controversial,FALSE,accurate,3,3,6,5,5,0
P0187,lightning,neutral,FALSE,accurate,1,1,4,7,7,0
P0187,vaccines,controversial,FALSE,accurate,2,2,5,6,6,0
P0187,water_boil,neutral,TRUE,deceptive,7,6,5,7,6,-1
P0188,bones,neutral,TRUE,accurate,5,5,4,5,5,0
P0188,climate,controversial,TRUE,accurate,7,7,4,7,7,0
P0188,election,controversial,TRUE,accurate,5,6,3,5,6,1
P0188,great_wall,neutral,FALSE,accurate,1,1,2,7,7,0
P0188,gun_control,controversial,FALSE,accurate,3,3,4,5,5,0
P0188,lightning,neutral,FALSE,deceptive,1,1,1,7,7,0
P0188,vaccines,controversial,FALSE,deceptive,2,4,4,6,4,-2
P0188,water_boil,neutral,TRUE,accurate,5,5,4,5,5,0
P0189,bones,neutral,TRUE,accurate,7,7,1,7,7,0
P0189,climate,controversial,TRUE,accurate,6,7,1,6,7,1
P0189,election,controversial,TRUE,deceptive,6,5,1,6,5,-1
P0189,great_wall,neutral,FALSE,deceptive,4,6,1,4,2,-2
P0189,gun_control,controversial,FALSE,deceptive,3,4,1,5,4,-1
P0189,lightning,neutral,FALSE,accurate,1,1,1,7,7,0
P0189,vaccines,controversial,FALSE,deceptive,3,4,1,5,4,-1
P0189,water_boil,neutral,TRUE,accurate,5,7,1,5,7,2
P0190,bones,neutral,TRUE,deceptive,4,2,2,4,2,-2
P0190,climate,controversial,TRUE,accurate,4,4,4,4,4,0
P0190,election,controversial,TRUE,deceptive,5,4,4,5,4,-1
P0190,great_wall,neutral,FALSE,deceptive,4,4,4,4,4,0
P0190,gun_control,controversial,FALSE,deceptive,5,6,7,3,2,-1
P0190,lightning,neutral,FALSE,accurate,3,1,5,5,7,2
P0190,vaccines,controversial,FALSE,accurate,4,4,4,4,4,0
P0190,water_boil,neutral,TRUE,accurate,4,4,4,4,4,0
P0191,bones,neutral,TRUE,accurate,7,7,6,7,7,0
P0191,climate,controversial,TRUE,deceptive,4,1,2,4,1,-3
P0191,election,controversial,TRUE,deceptive,1,1,6,1,1,0
P0191,great_wall,neutral,FALSE,accurate,2,1,2,6,7,1
P0191,gun_control,controversial,FALSE,deceptive,3,4,2,5,4,-1
P0191,lightning,neutral,FALSE,deceptive,3,3,4,5,5,0
P0191,vaccines,controversial,FALSE,accurate,1,1,5,7,7,0
P0191,water_boil,neutral,TRUE,deceptive,7,4,2,7,4,-3
P0192,bones,neutral,TRUE,deceptive,3,5,4,3,5,2
P0192,climate,controversial,TRUE,accurate,6,7,6,6,7,1
P0192,election,controversial,TRUE,deceptive,7,2,5,7,2,-5
P0192,great_wall,neutral,FALSE,deceptive,1,1,1,7,7,0
P0192,gun_control,controversial,FALSE,deceptive,3,2,6,5,6,1
P0192,lightning,neutral,FALSE,accurate,5,6,3,3,2,-1
P0192,vaccines,controversial,FALSE,accurate,1,1,5,7,7,0
P0192,water_boil,neutral,TRUE,deceptive,3,2,2,3,2,-1
P0193,bones,neutral,TRUE,deceptive,4,5,1,4,5,1
P0193,climate,controversial,TRUE,accurate,4,5,1,4,5,1
P0193,election,controversial,TRUE,accurate,1,1,4,1,1,0
P0193,great_wall,neutral,FALSE,accurate,2,2,1,6,6,0
P0193,gun_control,controversial,FALSE,deceptive,1,2,3,7,6,-1
P0193,lightning,neutral,FALSE,accurate,1,1,1,7,7,0
P0193,vaccines,controversial,FALSE,deceptive,4,7,1,4,1,-3
P0193,water_boil,neutral,TRUE,deceptive,5,2,1,5,2,-3
P0194,bones,neutral,TRUE,deceptive,4,5,1,4,5,1
P0194,climate,controversial,TRUE,deceptive,2,2,6,2,2,0
P0194,election,controversial,TRUE,accurate,1,1,6,1,1,0
P0194,great_wall,neutral,FALSE,accurate,3,1,6,5,7,2
P0194,gun_control,controversial,FALSE,deceptive,1,7,7,7,1,-6
P0194,lightning,neutral,FALSE,deceptive,1,1,6,7,7,0
P0194,vaccines,controversial,FALSE,accurate,2,2,5,6,6,0
P0194,water_boil,neutral,TRUE,deceptive,7,6,6,7,6,-1
P0195,bones,neutral,TRUE,accurate,7,7,6,7,7,0
P0195,climate,controversial,TRUE,deceptive,5,3,3,5,3,-2
P0195,election,controversial,TRUE,accurate,2,6,1,2,6,4
P0195,great_wall,neutral,FALSE,deceptive,3,5,3,5,3,-2
P0195,gun_control,controversial,FALSE,deceptive,2,6,2,6,2,-4
P0195,lightning,neutral,FALSE,deceptive,4,6,2,4,2,-2
P0195,vaccines,controversial,FALSE,accurate,2,6,5,6,2,-4
P0195,water_boil,neutral,TRUE,deceptive,7,2,3,7,2,-5
P0196,bones,neutral,TRUE,deceptive,7,6,3,7,6,-1
P0196,climate,controversial,TRUE,accurate,7,7,5,7,7,0
P0196,election,controversial,TRUE,deceptive,7,7,3,7,7,0
P0196,great_wall,neutral,FALSE,accurate,2,2,1,6,6,0
P0196,gun_control,controversial,FALSE,accurate,3,3,1,5,5,0
P0196,lightning,neutral,FALSE,accurate,1,1,4,7,7,0
P0196,vaccines,controversial,FALSE,accurate,1,1,4,7,7,0
P0196,water_boil,neutral,TRUE,accurate,7,7,5,7,7,0
P0197,bones,neutral,TRUE,accurate,7,7,6,7,7,0
P0197,climate,controversial,TRUE,accurate,6,6,4,6,6,0
P0197,election,controversial,TRUE,deceptive,5,5,6,5,5,0
P0197,great_wall,neutral,FALSE,accurate,2,2,4,6,6,0
P0197,gun_control,controversial,FALSE,deceptive,5,5,5,3,3,0
P0197,lightning,neutral,FALSE,deceptive,2,2,4,6,6,0
P0197,vaccines,controversial,FALSE,deceptive,2,2,5,6,6,0
P0197,water_boil,neutral,TRUE,accurate,7,7,7,7,7,0
P0198,bones,neutral,TRUE,deceptive,6,4,1,6,4,-2
P0198,climate,controversial,TRUE,accurate,7,5,7,7,5,-2
P0198,election,controversial,TRUE,deceptive,7,1,6,7,1,-6
P0198,great_wall,neutral,FALSE,deceptive,5,5,1,3,3,0
P0198,gun_control,controversial,FALSE,accurate,1,6,2,7,2,-5
P0198,lightning,neutral,FALSE,accurate,1,5,1,7,3,-4
P0198,vaccines,controversial,FALSE,accurate,2,6,4,6,2,-4
P0198,water_boil,neutral,TRUE,deceptive,6,6,1,6,6,0
P0199,bones,neutral,TRUE,deceptive,5,2,1,5,2,-3
P0199,climate,controversial,TRUE,deceptive,7,3,3,7,3,-4
P0199,election,controversial,TRUE,accurate,4,4,1,4,4,0
P0199,great_wall,neutral,FALSE,deceptive,5,6,2,3,2,-1
P0199,gun_control,controversial,FALSE,accurate,2,4,1,6,4,-2
P0199,lightning,neutral,FALSE,accurate,5,6,2,3,2,-1
P0199,vaccines,controversial,FALSE,accurate,1,1,5,7,7,0
P0199,water_boil,neutral,TRUE,deceptive,7,5,2,7,5,-2
P0200,bones,neutral,TRUE,accurate,4,7,4,4,7,3
P0200,climate,controversial,TRUE,accurate,7,7,7,7,7,0
P0200,election,controversial,TRUE,deceptive,7,5,7,7,5,-2
P0200,great_wall,neutral,FALSE,deceptive,5,7,4,3,1,-2
P0200,gun_control,controversial,FALSE,deceptive,3,5,4,5,3,-2
P0200,lightning,neutral,FALSE,deceptive,4,7,2,4,1,-3
P0200,vaccines,controversial,FALSE,deceptive,1,4,4,7,4,-3
P0200,water_boil,neutral,TRUE,accurate,3,5,2,3,5,2
P0201,bones,neutral,TRUE,accurate,7,7,6,7,7,0
P0201,climate,controversial,TRUE,accurate,7,6,4,7,6,-1
P0201,election,controversial,TRUE,deceptive,7,5,3,7,5,-2
P0201,great_wall,neutral,FALSE,accurate,4,5,1,4,3,-1
P0201,gun_control,controversial,FALSE,accurate,1,6,5,7,2,-5
P0201,lightning,neutral,FALSE,deceptive,6,7,3,2,1,-1
P0201,vaccines,controversial,FALSE,deceptive,1,5,2,7,3,-4
P0201,water_boil,neutral,TRUE,deceptive,4,6,1,4,6,2
P0202,bones,neutral,TRUE,accurate,3,5,1,3,5,2
P0202,climate,controversial,TRUE,accurate,7,7,6,7,7,0
P0202,election,controversial,TRUE,accurate,5,5,4,5,5,0
P0202,great_wall,neutral,FALSE,accurate,7,5,2,1,3,2
P0202,gun_control,controversial,FALSE,deceptive,5,5,2,3,3,0
P0202,lightning,neutral,FALSE,accurate,1,7,5,7,1,-6
P0202,vaccines,controversial,FALSE,deceptive,2,2,4,6,6,0
P0202,water_boil,neutral,TRUE,accurate,4,5,1,4,5,1
P0203,bones,neutral,TRUE,deceptive,1,1,1,1,1,0
P0203,climate,controversial,TRUE,deceptive,5,5,3,5,5,0
P0203,election,controversial,TRUE,accurate,7,7,7,7,7,0
P0203,great_wall,neutral,FALSE,accurate,6,6,4,2,2,0
P0203,gun_control,controversial,FALSE,deceptive,4,4,2,4,4,0
P0203,lightning,neutral,FALSE,accurate,1,1,5,7,7,0
P0203,vaccines,controversial,FALSE,deceptive,2,2,2,6,6,0
P0203,water_boil,neutral,TRUE,accurate,1,1,1,1,1,0
P0204,bones,neutral,TRUE,accurate,7,1,7,7,1,-6
P0204,climate,controversial,TRUE,accurate,5,5,2,5,5,0
P0204,election,controversial,TRUE,accurate,1,1,1,1,1,0
P0204,great_wall,neutral,FALSE,deceptive,2,1,7,6,7,1
P0204,gun_control,controversial,FALSE,deceptive,4,4,2,4,4,0
P0204,lightning,neutral,FALSE,deceptive,1,1,7,7,7,0
P0204,vaccines,controversial,FALSE,deceptive,1,1,1,7,7,0
P0204,water_boil,neutral,TRUE,deceptive,7,1,1,7,1,-6
P0205,bones,neutral,TRUE,accurate,3,1,1,3,1,-2
P0205,climate,controversial,TRUE,accurate,5,5,4,5,5,0
P0205,election,controversial,TRUE,accurate,7,7,5,7,7,0
P0205,great_wall,neutral,FALSE,deceptive,6,6,5,2,2,0
P0205,gun_control,controversial,FALSE,deceptive,5,5,3,3,3,0
P0205,lightning,neutral,FALSE,accurate,2,1,3,6,7,1
P0205,vaccines,controversial,FALSE,accurate,1,1,4,7,7,0
P0205,water_boil,neutral,TRUE,deceptive,7,3,2,7,3,-4
P0206,bones,neutral,TRUE,deceptive,7,6,5,7,6,-1
P0206,climate,controversial,TRUE,accurate,7,7,7,7,7,0
P0206,election,controversial,TRUE,accurate,6,6,4,6,6,0
P0206,great_wall,neutral,FALSE,accurate,7,3,2,1,5,4
P0206,gun_control,controversial,FALSE,deceptive,2,3,4,6,5,-1
P0206,lightning,neutral,FALSE,accurate,1,1,6,7,7,0
P0206,vaccines,controversial,FALSE,accurate,1,1,6,7,7,0
P0206,water_boil,neutral,TRUE,deceptive,6,6,6,6,6,0
P0207,bones,neutral,TRUE,deceptive,6,3,2,6,3,-3
P0207,climate,controversial,TRUE,accurate,6,7,5,6,7,1
P0207,election,controversial,TRUE,deceptive,4,5,4,4,5,1
P0207,great_wall,neutral,FALSE,deceptive,2,6,2,6,2,-4
P0207,gun_control,controversial,FALSE,deceptive,1,2,6,7,6,-1
P0207,lightning,neutral,FALSE,accurate,3,7,2,5,1,-4
P0207,vaccines,controversial,FALSE,deceptive,1,2,3,7,6,-1
P0207,water_boil,neutral,TRUE,deceptive,7,5,5,7,5,-2
P0208,bones,neutral,TRUE,deceptive,5,3,3,5,3,-2
P0208,climate,controversial,TRUE,deceptive,6,5,2,6,5,-1
P0208,election,controversial,TRUE,accurate,7,7,6,7,7,0
P0208,great_wall,neutral,FALSE,accurate,2,6,3,6,2,-4
P0208,gun_control,controversial,FALSE,deceptive,2,5,4,6,3,-3
P0208,lightning,neutral,FALSE,deceptive,4,5,2,4,3,-1
P0208,vaccines,controversial,FALSE,deceptive,1,2,5,7,6,-1
P0208,water_boil,neutral,TRUE,accurate,5,6,1,5,6,1
P0209,bones,neutral,TRUE,deceptive,5,3,1,5,3,-2
P0209,climate,controversial,TRUE,accurate,7,7,6,7,7,0
P0209,election,controversial,TRUE,accurate,1,7,4,1,7,6
P0209,great_wall,neutral,FALSE,accurate,5,1,1,3,7,4
P0209,gun_control,controversial,FALSE,deceptive,1,6,2,7,2,-5
P0209,lightning,neutral,FALSE,deceptive,6,6,1,2,2,0
P0209,vaccines,controversial,FALSE,deceptive,2,6,1,6,2,-4
P0209,water_boil,neutral,TRUE,deceptive,4,2,1,4,2,-2
P0210,bones,neutral,TRUE,accurate,7,7,5,7,7,0
P0210,climate,controversial,TRUE,accurate,7,6,3,7,6,-1
P0210,election,controversial,TRUE,accurate,4,4,4,4,4,0
P0210,great_wall,neutral,FALSE,deceptive,1,5,1,7,3,-4
P0210,gun_control,controversial,FALSE,deceptive,4,4,4,4,4,0
P0210,lightning,neutral,FALSE,accurate,6,5,2,2,3,1
P0210,vaccines,controversial,FALSE,deceptive,1,3,3,7,5,-2
P0210,water_boil,neutral,TRUE,deceptive,7,5,4,7,5,-2
P0211,bones,neutral,TRUE,deceptive,7,7,5,7,7,0
P0211,climate,controversial,TRUE,deceptive,7,7,6,7,7,0
P0211,election,controversial,TRUE,accurate,7,7,7,7,7,0
P0211,great_wall,neutral,FALSE,accurate,7,4,2,1,4,3
P0211,gun_control,controversial,FALSE,deceptive,1,1,6,7,7,0
P0211,lightning,neutral,FALSE,accurate,1,1,6,7,7,0
P0211,vaccines,controversial,FALSE,deceptive,1,1,5,7,7,0
P0211,water_boil,neutral,TRUE,accurate,7,7,5,7,7,0
P0212,bones,neutral,TRUE,deceptive,7,1,5,7,1,-6
P0212,climate,controversial,TRUE,deceptive,6,3,3,6,3,-3
P0212,election,controversial,TRUE,deceptive,3,2,2,3,2,-1
P0212,great_wall,neutral,FALSE,deceptive,7,6,5,1,2,1
P0212,gun_control,controversial,FALSE,deceptive,1,1,6,7,7,0
P0212,lightning,neutral,FALSE,accurate,4,4,1,4,4,0
P0212,vaccines,controversial,FALSE,accurate,1,6,4,7,2,-5
P0212,water_boil,neutral,TRUE,accurate,4,4,1,4,4,0
P0213,bones,neutral,TRUE,accurate,6,7,5,6,7,1
P0213,climate,controversial,TRUE,deceptive,5,1,2,5,1,-4
P0213,election,controversial,TRUE,deceptive,3,2,3,3,2,-1
P0213,great_wall,neutral,FALSE,accurate,2,1,1,6,7,1
P0213,gun_control,controversial,FALSE,deceptive,4,5,3,4,3,-1
P0213,lightning,neutral,FALSE,deceptive,3,6,2,5,2,-3
P0213,vaccines,controversial,FALSE,accurate,2,1,2,6,7,1
P0213,water_boil,neutral,TRUE,accurate,6,7,4,6,7,1
P0214,bones,neutral,TRUE,deceptive,7,4,2,7,4,-3
P0214,climate,controversial,TRUE,deceptive,5,3,2,5,3,-2
P0214,election,controversial,TRUE,deceptive,3,3,4,3,3,0
P0214,great_wall,neutral,FALSE,accurate,4,4,1,4,4,0
P0214,gun_control,controversial,FALSE,deceptive,5,2,4,3,6,3
P0214,lightning,neutral,FALSE,accurate,4,4,1,4,4,0
P0214,vaccines,controversial,FALSE,accurate,4,4,1,4,4,0
P0214,water_boil,neutral,TRUE,deceptive,5,4,1,5,4,-1
P0215,bones,neutral,TRUE,deceptive,7,5,3,7,5,-2
P0215,climate,controversial,TRUE,accurate,7,7,6,7,7,0
P0215,election,controversial,TRUE,accurate,7,7,6,7,7,0
P0215,great_wall,neutral,FALSE,accurate,3,1,3,5,7,2
P0215,gun_control,controversial,FALSE,deceptive,2,2,6,6,6,0
P0215,lightning,neutral,FALSE,accurate,6,2,2,2,6,4
P0215,vaccines,controversial,FALSE,accurate,1,1,4,7,7,0
P0215,water_boil,neutral,TRUE,deceptive,7,2,1,7,2,-5
P0216,bones,neutral,TRUE,accurate,7,7,4,7,7,0
P0216,climate,controversial,TRUE,deceptive,7,5,3,7,5,-2
P0216,election,controversial,TRUE,accurate,7,7,5,7,7,0
P0216,great_wall,neutral,FALSE,accurate,4,4,1,4,4,0
P0216,gun_control,controversial,FALSE,deceptive,1,2,4,7,6,-1
P0216,lightning,neutral,FALSE,accurate,1,1,3,7,7,0
P0216,vaccines,controversial,FALSE,accurate,1,1,5,7,7,0
P0216,water_boil,neutral,TRUE,deceptive,7,6,2,7,6,-1
P0217,bones,neutral,TRUE,deceptive,4,3,1,4,3,-1
P0217,climate,controversial,TRUE,deceptive,6,6,5,6,6,0
P0217,election,controversial,TRUE,accurate,4,6,3,4,6,2
P0217,great_wall,neutral,FALSE,deceptive,6,7,3,2,1,-1
P0217,gun_control,controversial,FALSE,accurate,2,1,5,6,7,1
P0217,lightning,neutral,FALSE,accurate,1,1,5,7,7,0
P0217,vaccines,controversial,FALSE,deceptive,2,3,2,6,5,-1
P0217,water_boil,neutral,TRUE,deceptive,4,4,1,4,4,0
P0218,bones,neutral,TRUE,deceptive,7,2,5,7,2,-5
P0218,climate,controversial,TRUE,accurate,5,6,4,5,6,1
P0218,election,controversial,TRUE,accurate,1,1,6,1,1,0
P0218,great_wall,neutral,FALSE,deceptive,6,5,3,2,3,1
P0218,gun_control,controversial,FALSE,accurate,4,4,3,4,4,0
P0218,lightning,neutral,FALSE,accurate,1,7,7,7,1,-6
P0218,vaccines,controversial,FALSE,deceptive,1,1,5,7,7,0
P0218,water_boil,neutral,TRUE,deceptive,4,4,1,4,4,0
P0219,bones,neutral,TRUE,accurate,7,7,4,7,7,0
P0219,climate,controversial,TRUE,accurate,6,6,5,6,6,0
P0219,election,controversial,TRUE,deceptive,2,3,2,2,3,1
P0219,great_wall,neutral,FALSE,accurate,1,1,1,7,7,0
P0219,gun_control,controversial,FALSE,deceptive,1,1,6,7,7,0
P0219,lightning,neutral,FALSE,accurate,2,2,1,6,6,0
P0219,vaccines,controversial,FALSE,deceptive,1,1,3,7,7,0
P0219,water_boil,neutral,TRUE,deceptive,7,6,4,7,6,-1
P0220,bones,neutral,TRUE,accurate,7,7,6,7,7,0
P0220,climate,controversial,TRUE,accurate,7,7,5,7,7,0
P0220,election,controversial,TRUE,deceptive,7,7,6,7,7,0
P0220,great_wall,neutral,FALSE,deceptive,2,6,2,6,2,-4
P0220,gun_control,controversial,FALSE,accurate,1,1,6,7,7,0
P0220,lightning,neutral,FALSE,accurate,1,1,6,7,7,0
P0220,vaccines,controversial,FALSE,deceptive,1,1,5,7,7,0
P0220,water_boil,neutral,TRUE,accurate,7,7,7,7,7,0
P0221,bones,neutral,TRUE,deceptive,7,5,5,7,5,-2
P0221,climate,controversial,TRUE,accurate,7,7,7,7,7,0
P0221,election,controversial,TRUE,accurate,7,7,7,7,7,0
P0221,great_wall,neutral,FALSE,accurate,7,7,7,1,1,0
P0221,gun_control,controversial,FALSE,accurate,1,1,7,7,7,0
P0221,lightning,neutral,FALSE,accurate,5,6,3,3,2,-1
P0221,vaccines,controversial,FALSE,deceptive,1,1,4,7,7,0
P0221,water_boil,neutral,TRUE,accurate,6,7,4,6,7,1
P0222,bones,neutral,TRUE,accurate,4,4,4,4,4,0
P0222,climate,controversial,TRUE,accurate,4,4,4,4,4,0
P0222,election,controversial,TRUE,accurate,4,4,4,4,4,0
P0222,great_wall,neutral,FALSE,accurate,4,4,4,4,4,0
P0222,gun_control,controversial,FALSE,accurate,5,4,4,3,4,1
P0222,lightning,neutral,FALSE,deceptive,4,4,5,4,4,0
P0222,vaccines,controversial,FALSE,deceptive,4,4,4,4,4,0
P0222,water_boil,neutral,TRUE,accurate,4,4,5,4,4,0
P0223,bones,neutral,TRUE,deceptive,7,6,6,7,6,-1
P0223,climate,controversial,TRUE,accurate,6,7,7,6,7,1
P0223,election,controversial,TRUE,deceptive,3,2,3,3,2,-1
P0223,great_wall,neutral,FALSE,accurate,1,1,5,7,7,0
P0223,gun_control,controversial,FALSE,deceptive,2,5,5,6,3,-3
P0223,lightning,neutral,FALSE,accurate,2,1,5,6,7,1
P0223,vaccines,controversial,FALSE,deceptive,1,5,4,7,3,-4
P0223,water_boil,neutral,TRUE,accurate,7,7,6,7,7,0
P0224,bones,neutral,TRUE,deceptive,7,6,7,7,6,-1
P0224,climate,controversial,TRUE,deceptive,7,7,7,7,7,0
P0224,election,controversial,TRUE,deceptive,3,3,3,3,3,0
P0224,great_wall,neutral,FALSE,deceptive,1,1,4,7,7,0
P0224,gun_control,controversial,FALSE,deceptive,3,2,3,5,6,1
P0224,lightning,neutral,FALSE,deceptive,3,2,5,5,6,1
P0224,vaccines,controversial,FALSE,accurate,1,1,7,7,7,0
P0224,water_boil,neutral,TRUE,accurate,5,4,3,5,4,-1
P0225,bones,neutral,TRUE,accurate,7,7,4,7,7,0
P0225,climate,controversial,TRUE,accurate,6,6,3,6,6,0
P0225,election,controversial,TRUE,deceptive,4,4,3,4,4,0
P0225,great_wall,neutral,FALSE,accurate,5,2,1,3,6,3
P0225,gun_control,controversial,FALSE,deceptive,2,2,3,6,6,0
P0225,lightning,neutral,FALSE,accurate,3,3,1,5,5,0
P0225,vaccines,controversial,FALSE,deceptive,1,1,4,7,7,0
P0225,water_boil,neutral,TRUE,accurate,7,7,4,7,7,0
P0226,bones,neutral,TRUE,accurate,7,7,4,7,7,0
P0226,climate,controversial,TRUE,accurate,5,5,4,5,5,0
P0226,election,controversial,TRUE,deceptive,4,4,7,4,4,0
P0226,great_wall,neutral,FALSE,accurate,7,5,4,1,3,2
P0226,gun_control,controversial,FALSE,deceptive,2,4,4,6,4,-2
P0226,lightning,neutral,FALSE,accurate,2,7,4,6,1,-5
P0226,vaccines,controversial,FALSE,deceptive,2,4,4,6,4,-2
P0226,water_boil,neutral,TRUE,accurate,7,7,4,7,7,0
P0227,bones,neutral,TRUE,deceptive,4,7,2,4,7,3
P0227,climate,controversial,TRUE,deceptive,6,3,3,6,3,-3
P0227,election,controversial,TRUE,accurate,7,7,7,7,7,0
P0227,great_wall,neutral,FALSE,accurate,5,5,1,3,3,0
P0227,gun_control,controversial,FALSE,deceptive,1,4,3,7,4,-3
P0227,lightning,neutral,FALSE,accurate,5,4,1,3,4,1
P0227,vaccines,controversial,FALSE,deceptive,4,4,3,4,4,0
P0227,water_boil,neutral,TRUE,deceptive,4,4,1,4,4,0
P0228,bones,neutral,TRUE,deceptive,5,6,1,5,6,1
P0228,climate,controversial,TRUE,deceptive,7,7,6,7,7,0
P0228,election,controversial,TRUE,accurate,5,5,5,5,5,0
P0228,great_wall,neutral,FALSE,deceptive,3,5,2,5,3,-2
P0228,gun_control,controversial,FALSE,accurate,2,6,5,6,2,-4
P0228,lightning,neutral,FALSE,deceptive,2,5,1,6,3,-3
P0228,vaccines,controversial,FALSE,deceptive,1,1,6,7,7,0
P0228,water_boil,neutral,TRUE,accurate,5,5,5,5,5,0
P0229,bones,neutral,TRUE,deceptive,7,7,4,7,7,0
P0229,climate,controversial,TRUE,accurate,5,5,5,5,5,0
P0229,election,controversial,TRUE,deceptive,6,4,3,6,4,-2
P0229,great_wall,neutral,FALSE,deceptive,5,5,4,3,3,0
P0229,gun_control,controversial,FALSE,accurate,5,5,6,3,3,0
P0229,lightning,neutral,FALSE,accurate,4,4,4,4,4,0
P0229,vaccines,controversial,FALSE,accurate,4,4,3,4,4,0
P0229,water_boil,neutral,TRUE,deceptive,3,1,1,3,1,-2
P0230,bones,neutral,TRUE,deceptive,5,3,1,5,3,-2
P0230,climate,controversial,TRUE,accurate,1,1,1,1,1,0
P0230,election,controversial,TRUE,accurate,3,1,6,3,1,-2
P0230,great_wall,neutral,FALSE,accurate,2,1,3,6,7,1
P0230,gun_control,controversial,FALSE,deceptive,6,7,7,2,1,-1
P0230,lightning,neutral,FALSE,accurate,3,2,2,5,6,1
P0230,vaccines,controversial,FALSE,accurate,5,4,5,3,4,1
P0230,water_boil,neutral,TRUE,accurate,5,5,5,5,5,0
P0231,bones,neutral,TRUE,deceptive,5,1,1,5,1,-4
P0231,climate,controversial,TRUE,deceptive,1,1,4,1,1,0
P0231,election,controversial,TRUE,accurate,5,6,5,5,6,1
P0231,great_wall,neutral,FALSE,accurate,1,1,2,7,7,0
P0231,gun_control,controversial,FALSE,deceptive,6,6,4,2,2,0
P0231,lightning,neutral,FALSE,accurate,2,2,2,6,6,0
P0231,vaccines,controversial,FALSE,accurate,1,1,6,7,7,0
P0231,water_boil,neutral,TRUE,deceptive,6,1,1,6,1,-5
P0232,bones,neutral,TRUE,accurate,5,5,2,5,5,0
P0232,climate,controversial,TRUE,accurate,4,5,6,4,5,1
P0232,election,controversial,TRUE,accurate,4,3,6,4,3,-1
P0232,great_wall,neutral,FALSE,deceptive,5,5,5,3,3,0
P0232,gun_control,controversial,FALSE,deceptive,6,3,6,2,5,3
P0232,lightning,neutral,FALSE,accurate,4,4,4,4,4,0
P0232,vaccines,controversial,FALSE,accurate,6,4,5,2,4,2
P0232,water_boil,neutral,TRUE,accurate,3,7,1,3,7,4
P0233,bones,neutral,TRUE,deceptive,7,5,4,7,5,-2
P0233,climate,controversial,TRUE,deceptive,6,3,5,6,3,-3
P0233,election,controversial,TRUE,deceptive,5,4,4,5,4,-1
P0233,great_wall,neutral,FALSE,accurate,5,2,2,3,6,3
P0233,gun_control,controversial,FALSE,accurate,6,5,4,2,3,1
P0233,lightning,neutral,FALSE,deceptive,5,7,2,3,1,-2
P0233,vaccines,controversial,FALSE,accurate,3,7,3,5,1,-4
P0233,water_boil,neutral,TRUE,deceptive,7,5,3,7,5,-2
P0234,bones,neutral,TRUE,accurate,6,6,6,6,6,0
P0234,climate,controversial,TRUE,deceptive,6,6,4,6,6,0
P0234,election,controversial,TRUE,deceptive,6,5,1,6,5,-1
P0234,great_wall,neutral,FALSE,accurate,5,3,1,3,5,2
P0234,gun_control,controversial,FALSE,deceptive,3,4,1,5,4,-1
P0234,lightning,neutral,FALSE,accurate,3,3,3,5,5,0
P0234,vaccines,controversial,FALSE,accurate,3,3,2,5,5,0
P0234,water_boil,neutral,TRUE,accurate,5,5,2,5,5,0
P0235,bones,neutral,TRUE,deceptive,6,5,4,6,5,-1
P0235,climate,controversial,TRUE,accurate,6,7,4,6,7,1
P0235,election,controversial,TRUE,accurate,2,4,3,2,4,2
P0235,great_wall,neutral,FALSE,accurate,1,1,5,7,7,0
P0235,gun_control,controversial,FALSE,accurate,2,2,3,6,6,0
P0235,lightning,neutral,FALSE,deceptive,1,2,5,7,6,-1
P0235,vaccines,controversial,FALSE,accurate,1,1,5,7,7,0
P0235,water_boil,neutral,TRUE,accurate,7,7,6,7,7,0
P0236,bones,neutral,TRUE,accurate,5,6,2,5,6,1
P0236,climate,controversial,TRUE,deceptive,4,2,4,4,2,-2
P0236,election,controversial,TRUE,accurate,3,3,4,3,3,0
P0236,great_wall,neutral,FALSE,deceptive,2,5,2,6,3,-3
P0236,gun_control,controversial,FALSE,accurate,4,3,3,4,5,1
P0236,lightning,neutral,FALSE,deceptive,6,6,4,2,2,0
P0236,vaccines,controversial,FALSE,accurate,4,4,3,4,4,0
P0236,water_boil,neutral,TRUE,accurate,4,6,3,4,6,2
P0237,bones,neutral,TRUE,accurate,7,7,7,7,7,0
P0237,climate,controversial,TRUE,deceptive,7,6,5,7,6,-1
P0237,election,controversial,TRUE,deceptive,3,3,6,3,3,0
P0237,great_wall,neutral,FALSE,deceptive,6,7,7,2,1,-1
P0237,gun_control,controversial,FALSE,deceptive,2,5,4,6,3,-3
P0237,lightning,neutral,FALSE,accurate,7,1,1,1,7,6
P0237,vaccines,controversial,FALSE,deceptive,1,3,2,7,5,-2
P0237,water_boil,neutral,TRUE,accurate,5,7,1,5,7,2
P0238,bones,neutral,TRUE,deceptive,4,2,1,4,2,-2
P0238,climate,controversial,TRUE,deceptive,6,5,3,6,5,-1
P0238,election,controversial,TRUE,accurate,1,2,1,1,2,1
P0238,great_wall,neutral,FALSE,accurate,1,1,4,7,7,0
P0238,gun_control,controversial,FALSE,deceptive,3,3,2,5,5,0
P0238,lightning,neutral,FALSE,deceptive,3,5,1,5,3,-2
P0238,vaccines,controversial,FALSE,deceptive,6,6,3,2,2,0
P0238,water_boil,neutral,TRUE,deceptive,2,1,3,2,1,-1
P0239,bones,neutral,TRUE,accurate,6,7,7,6,7,1
P0239,climate,controversial,TRUE,deceptive,1,6,4,1,6,5
P0239,election,controversial,TRUE,deceptive,1,1,6,1,1,0
P0239,great_wall,neutral,FALSE,deceptive,1,2,3,7,6,-1
P0239,gun_control,controversial,FALSE,accurate,1,1,6,7,7,0
P0239,lightning,neutral,FALSE,accurate,4,2,3,4,6,2
P0239,vaccines,controversial,FALSE,accurate,7,2,4,1,6,5
P0239,water_boil,neutral,TRUE,deceptive,7,7,7,7,7,0
P0240,bones,neutral,TRUE,deceptive,7,2,5,7,2,-5
P0240,climate,controversial,TRUE,accurate,3,2,5,3,2,-1
P0240,election,controversial,TRUE,accurate,2,2,5,2,2,0
P0240,great_wall,neutral,FALSE,accurate,6,2,6,2,6,4
P0240,gun_control,controversial,FALSE,accurate,3,2,6,5,6,1
P0240,lightning,neutral,FALSE,deceptive,2,6,2,6,2,-4
P0240,vaccines,controversial,FALSE,deceptive,7,7,6,1,1,0
P0240,water_boil,neutral,TRUE,deceptive,5,3,6,5,3,-2
P0241,bones,neutral,TRUE,accurate,5,7,1,5,7,2
P0241,climate,controversial,TRUE,accurate,7,7,3,7,7,0
P0241,election,controversial,TRUE,deceptive,2,1,5,2,1,-1
P0241,great_wall,neutral,FALSE,accurate,2,1,1,6,7,1
P0241,gun_control,controversial,FALSE,accurate,5,1,3,3,7,4
P0241,lightning,neutral,FALSE,accurate,4,1,1,4,7,3
P0241,vaccines,controversial,FALSE,accurate,1,1,7,7,7,0
P0241,water_boil,neutral,TRUE,accurate,7,7,5,7,7,0
P0242,bones,neutral,TRUE,deceptive,6,6,2,6,6,0
P0242,climate,controversial,TRUE,deceptive,7,7,6,7,7,0
P0242,election,controversial,TRUE,accurate,3,3,7,3,3,0
P0242,great_wall,neutral,FALSE,accurate,6,5,2,2,3,1
P0242,gun_control,controversial,FALSE,accurate,1,1,7,7,7,0
P0242,lightning,neutral,FALSE,deceptive,1,1,3,7,7,0
P0242,vaccines,controversial,FALSE,deceptive,1,1,6,7,7,0
P0242,water_boil,neutral,TRUE,accurate,7,7,6,7,7,0
P0243,bones,neutral,TRUE,accurate,2,6,2,2,6,4
P0243,climate,controversial,TRUE,deceptive,6,2,2,6,2,-4
P0243,election,controversial,TRUE,deceptive,2,2,1,2,2,0
P0243,great_wall,neutral,FALSE,deceptive,5,3,4,3,5,2
P0243,gun_control,controversial,FALSE,accurate,4,3,4,4,5,1
P0243,lightning,neutral,FALSE,accurate,6,2,4,2,6,4
P0243,vaccines,controversial,FALSE,deceptive,2,2,4,6,6,0
P0243,water_boil,neutral,TRUE,accurate,6,3,6,6,3,-3
P0244,bones,neutral,TRUE,deceptive,6,6,3,6,6,0
P0244,climate,controversial,TRUE,accurate,6,6,4,6,6,0
P0244,election,controversial,TRUE,deceptive,1,1,4,1,1,0
P0244,great_wall,neutral,FALSE,accurate,3,2,1,5,6,1
P0244,gun_control,controversial,FALSE,accurate,1,1,5,7,7,0
P0244,lightning,neutral,FALSE,deceptive,1,5,2,7,3,-4
P0244,vaccines,controversial,FALSE,deceptive,2,3,3,6,5,-1
P0244,water_boil,neutral,TRUE,accurate,5,6,1,5,6,1
P0245,bones,neutral,TRUE,deceptive,7,2,1,7,2,-5
P0245,climate,controversial,TRUE,deceptive,5,5,4,5,5,0
P0245,election,controversial,TRUE,deceptive,6,4,4,6,4,-2
P0245,great_wall,neutral,FALSE,accurate,5,3,2,3,5,2
P0245,gun_control,controversial,FALSE,accurate,1,1,5,7,7,0
P0245,lightning,neutral,FALSE,deceptive,1,1,3,7,7,0
P0245,vaccines,controversial,FALSE,accurate,1,1,3,7,7,0
P0245,water_boil,neutral,TRUE,deceptive,3,5,5,3,5,2
P0246,bones,neutral,TRUE,deceptive,5,1,7,5,1,-4
P0246,climate,controversial,TRUE,accurate,4,3,4,4,3,-1
P0246,election,controversial,TRUE,deceptive,6,4,3,6,4,-2
P0246,great_wall,neutral,FALSE,deceptive,2,4,4,6,4,-2
P0246,gun_control,controversial,FALSE,accurate,3,4,4,5,4,-1
P0246,lightning,neutral,FALSE,accurate,4,5,5,4,3,-1
P0246,vaccines,controversial,FALSE,deceptive,4,4,3,4,4,0
P0246,water_boil,neutral,TRUE,accurate,6,4,5,6,4,-2
P0247,bones,neutral,TRUE,accurate,6,6,5,6,6,0
P0247,climate,controversial,TRUE,accurate,7,7,6,7,7,0
P0247,election,controversial,TRUE,accurate,3,6,3,3,6,3
P0247,great_wall,neutral,FALSE,accurate,6,5,2,2,3,1
P0247,gun_control,controversial,FALSE,deceptive,2,5,2,6,3,-3
P0247,lightning,neutral,FALSE,deceptive,6,7,2,2,1,-1
P0247,vaccines,controversial,FALSE,deceptive,1,6,4,7,2,-5
P0247,water_boil,neutral,TRUE,accurate,2,2,3,2,2,0
P0248,bones,neutral,TRUE,deceptive,4,7,3,4,7,3
P0248,climate,controversial,TRUE,accurate,7,7,6,7,7,0
P0248,election,controversial,TRUE,accurate,1,5,4,1,5,4
P0248,great_wall,neutral,FALSE,accurate,4,5,5,4,3,-1
P0248,gun_control,controversial,FALSE,accurate,7,5,5,1,3,2
P0248,lightning,neutral,FALSE,accurate,6,6,3,2,2,0
P0248,vaccines,controversial,FALSE,deceptive,3,6,4,5,2,-3
P0248,water_boil,neutral,TRUE,deceptive,1,6,5,1,6,5
P0249,bones,neutral,TRUE,accurate,5,6,4,5,6,1
P0249,climate,controversial,TRUE,accurate,7,7,6,7,7,0
P0249,election,controversial,TRUE,accurate,7,7,6,7,7,0
P0249,great_wall,neutral,FALSE,accurate,5,2,1,3,6,3
P0249,gun_control,controversial,FALSE,accurate,2,2,3,6,6,0
P0249,lightning,neutral,FALSE,deceptive,4,6,1,4,2,-2
P0249,vaccines,controversial,FALSE,deceptive,1,1,6,7,7,0
P0249,water_boil,neutral,TRUE,deceptive,7,1,1,7,1,-6
P0250,bones,neutral,TRUE,accurate,7,6,7,7,6,-1
P0250,climate,controversial,TRUE,deceptive,7,4,2,7,4,-3
P0250,election,controversial,TRUE,deceptive,5,4,6,5,4,-1
P0250,great_wall,neutral,FALSE,deceptive,1,1,7,7,7,0
P0250,gun_control,controversial,FALSE,deceptive,2,1,5,6,7,1
P0250,lightning,neutral,FALSE,accurate,2,2,3,6,6,0
P0250,vaccines,controversial,FALSE,accurate,1,1,6,7,7,0
P0250,water_boil,neutral,TRUE,deceptive,4,6,6,4,6,2
P0251,bones,neutral,TRUE,accurate,5,5,3,5,5,0
P0251,climate,controversial,TRUE,accurate,7,6,3,7,6,-1
P0251,election,controversial,TRUE,deceptive,3,3,3,3,3,0
P0251,great_wall,neutral,FALSE,deceptive,1,3,3,7,5,-2
P0251,gun_control,controversial,FALSE,accurate,1,5,3,7,3,-4
P0251,lightning,neutral,FALSE,deceptive,4,5,3,4,3,-1
P0251,vaccines,controversial,FALSE,deceptive,2,3,3,6,5,-1
P0251,water_boil,neutral,TRUE,deceptive,5,3,3,5,3,-2
P0252,bones,neutral,TRUE,accurate,3,4,3,3,4,1
P0252,climate,controversial,TRUE,accurate,4,3,4,4,3,-1
P0252,election,controversial,TRUE,accurate,4,4,3,4,4,0
P0252,great_wall,neutral,FALSE,deceptive,3,4,2,5,4,-1
P0252,gun_control,controversial,FALSE,deceptive,3,3,2,5,5,0
P0252,lightning,neutral,FALSE,accurate,3,3,4,5,5,0
P0252,vaccines,controversial,FALSE,accurate,4,3,3,4,5,1
P0252,water_boil,neutral,TRUE,deceptive,3,3,3,3,3,0
P0253,bones,neutral,TRUE,deceptive,7,6,4,7,6,-1
P0253,climate,controversial,TRUE,accurate,6,6,6,6,6,0
P0253,election,controversial,TRUE,accurate,7,7,4,7,7,0
P0253,great_wall,neutral,FALSE,accurate,3,2,2,5,6,1
P0253,gun_control,controversial,FALSE,accurate,3,3,5,5,5,0
P0253,lightning,neutral,FALSE,accurate,1,1,5,7,7,0
P0253,vaccines,controversial,FALSE,accurate,1,1,3,7,7,0
P0253,water_boil,neutral,TRUE,accurate,6,7,4,6,7,1
P0254,bones,neutral,TRUE,accurate,4,6,1,4,6,2
P0254,climate,controversial,TRUE,accurate,7,7,4,7,7,0
P0254,election,controversial,TRUE,accurate,6,6,2,6,6,0
P0254,great_wall,neutral,FALSE,deceptive,1,5,1,7,3,-4
P0254,gun_control,controversial,FALSE,accurate,1,1,2,7,7,0
P0254,lightning,neutral,FALSE,deceptive,3,3,2,5,5,0
P0254,vaccines,controversial,FALSE,accurate,2,1,1,6,7,1
P0254,water_boil,neutral,TRUE,accurate,3,7,2,3,7,4
P0255,bones,neutral,TRUE,deceptive,7,5,3,7,5,-2
P0255,climate,controversial,TRUE,deceptive,5,1,4,5,1,-4
P0255,election,controversial,TRUE,accurate,1,1,7,1,1,0
P0255,great_wall,neutral,FALSE,deceptive,4,7,1,4,1,-3
P0255,gun_control,controversial,FALSE,accurate,5,5,7,3,3,0
P0255,lightning,neutral,FALSE,accurate,1,1,1,7,7,0
P0255,vaccines,controversial,FALSE,deceptive,7,7,7,1,1,0
P0255,water_boil,neutral,TRUE,deceptive,4,1,1,4,1,-3
P0256,bones,neutral,TRUE,deceptive,7,6,6,7,6,-1
P0256,climate,controversial,TRUE,deceptive,5,4,4,5,4,-1
P0256,election,controversial,TRUE,deceptive,5,4,4,5,4,-1
P0256,great_wall,neutral,FALSE,accurate,6,5,4,2,3,1
P0256,gun_control,controversial,FALSE,accurate,3,2,4,5,6,1
P0256,lightning,neutral,FALSE,deceptive,4,5,2,4,3,-1
P0256,vaccines,controversial,FALSE,accurate,2,2,3,6,6,0
P0256,water_boil,neutral,TRUE,accurate,7,7,6,7,7,0
P0257,bones,neutral,TRUE,deceptive,5,5,1,5,5,0
P0257,climate,controversial,TRUE,accurate,7,7,4,7,7,0
P0257,election,controversial,TRUE,deceptive,7,7,7,7,7,0
P0257,great_wall,neutral,FALSE,deceptive,7,7,4,1,1,0
P0257,gun_control,controversial,FALSE,accurate,2,1,4,6,7,1
P0257,lightning,neutral,FALSE,accurate,6,2,2,2,6,4
P0257,vaccines,controversial,FALSE,accurate,2,1,2,6,7,1
P0257,water_boil,neutral,TRUE,deceptive,7,6,4,7,6,-1
P0258,bones,neutral,TRUE,deceptive,5,6,1,5,6,1
P0258,climate,controversial,TRUE,deceptive,6,3,2,6,3,-3
P0258,election,controversial,TRUE,deceptive,6,6,4,6,6,0
P0258,great_wall,neutral,FALSE,deceptive,5,5,2,3,3,0
P0258,gun_control,controversial,FALSE,deceptive,3,5,2,5,3,-2
P0258,lightning,neutral,FALSE,deceptive,2,2,1,6,6,0
P0258,vaccines,controversial,FALSE,deceptive,1,2,2,7,6,-1
P0258,water_boil,neutral,TRUE,deceptive,5,5,1,5,5,0
P0259,bones,neutral,TRUE,accurate,6,6,7,6,6,0
P0259,climate,controversial,TRUE,deceptive,5,5,5,5,5,0
P0259,election,controversial,TRUE,accurate,4,4,7,4,4,0
P0259,great_wall,neutral,FALSE,deceptive,5,5,5,3,3,0
P0259,gun_control,controversial,FALSE,deceptive,4,4,4,4,4,0
P0259,lightning,neutral,FALSE,accurate,4,4,3,4,4,0
P0259,vaccines,controversial,FALSE,deceptive,4,4,6,4,4,0
P0259,water_boil,neutral,TRUE,accurate,7,7,7,7,7,0
P0260,bones,neutral,TRUE,deceptive,1,5,1,1,5,4
P0260,climate,controversial,TRUE,accurate,6,6,2,6,6,0
P0260,election,controversial,TRUE,accurate,4,5,2,4,5,1
P0260,great_wall,neutral,FALSE,deceptive,6,6,2,2,2,0
P0260,gun_control,controversial,FALSE,accurate,1,1,6,7,7,0
P0260,lightning,neutral,FALSE,accurate,4,7,1,4,1,-3
P0260,vaccines,controversial,FALSE,accurate,1,1,1,7,7,0
P0260,water_boil,neutral,TRUE,deceptive,2,4,1,2,4,2
P0261,bones,neutral,TRUE,accurate,4,6,2,4,6,2
P0261,climate,controversial,TRUE,deceptive,7,7,4,7,7,0
P0261,election,controversial,TRUE,accurate,6,6,7,6,6,0
P0261,great_wall,neutral,FALSE,deceptive,5,6,2,3,2,-1
P0261,gun_control,controversial,FALSE,deceptive,1,1,6,7,7,0
P0261,lightning,neutral,FALSE,deceptive,2,3,1,6,5,-1
P0261,vaccines,controversial,FALSE,deceptive,1,1,4,7,7,0
P0261,water_boil,neutral,TRUE,deceptive,4,3,1,4,3,-1
P0262,bones,neutral,TRUE,accurate,7,7,4,7,7,0
P0262,climate,controversial,TRUE,deceptive,7,7,5,7,7,0
P0262,election,controversial,TRUE,accurate,2,2,3,2,2,0
P0262,great_wall,neutral,FALSE,accurate,3,3,1,5,5,0
P0262,gun_control,controversial,FALSE,accurate,1,1,6,7,7,0
P0262,lightning,neutral,FALSE,accurate,2,2,2,6,6,0
P0262,vaccines,controversial,FALSE,accurate,1,1,4,7,7,0
P0262,water_boil,neutral,TRUE,accurate,3,5,1,3,5,2
P0263,bones,neutral,TRUE,accurate,7,7,6,7,7,0
P0263,climate,controversial,TRUE,deceptive,5,5,5,5,5,0
P0263,election,controversial,TRUE,deceptive,3,3,3,3,3,0
P0263,great_wall,neutral,FALSE,deceptive,5,5,1,3,3,0
P0263,gun_control,controversial,FALSE,accurate,4,4,4,4,4,0
P0263,lightning,neutral,FALSE,deceptive,1,1,5,7,7,0
P0263,vaccines,controversial,FALSE,deceptive,2,2,5,6,6,0
P0263,water_boil,neutral,TRUE,accurate,7,7,6,7,7,0
P0264,bones,neutral,TRUE,accurate,6,6,3,6,6,0
P0264,climate,controversial,TRUE,accurate,6,6,5,6,6,0
P0264,election,controversial,TRUE,accurate,7,7,6,7,7,0
P0264,great_wall,neutral,FALSE,accurate,4,4,3,4,4,0
P0264,gun_control,controversial,FALSE,accurate,2,6,4,6,2,-4
P0264,lightning,neutral,FALSE,deceptive,2,2,2,6,6,0
P0264,vaccines,controversial,FALSE,accurate,2,6,4,6,2,-4
P0264,water_boil,neutral,TRUE,deceptive,6,5,3,6,5,-1
P0265,bones,neutral,TRUE,deceptive,6,5,4,6,5,-1
P0265,climate,controversial,TRUE,accurate,4,5,2,4,5,1
P0265,election,controversial,TRUE,accurate,4,4,1,4,4,0
P0265,great_wall,neutral,FALSE,deceptive,3,3,2,5,5,0
P0265,gun_control,controversial,FALSE,accurate,3,3,3,5,5,0
P0265,lightning,neutral,FALSE,deceptive,5,5,2,3,3,0
P0265,vaccines,controversial,FALSE,deceptive,1,2,4,7,6,-1
P0265,water_boil,neutral,TRUE,accurate,2,2,1,2,2,0
P0266,bones,neutral,TRUE,accurate,6,7,4,6,7,1
P0266,climate,controversial,TRUE,accurate,7,7,3,7,7,0
P0266,election,controversial,TRUE,accurate,6,6,2,6,6,0
P0266,great_wall,neutral,FALSE,deceptive,7,7,2,1,1,0
P0266,gun_control,controversial,FALSE,deceptive,2,2,2,6,6,0
P0266,lightning,neutral,FALSE,accurate,2,1,1,6,7,1
P0266,vaccines,controversial,FALSE,accurate,1,1,2,7,7,0
P0266,water_boil,neutral,TRUE,accurate,7,7,4,7,7,0
P0267,bones,neutral,TRUE,deceptive,5,4,2,5,4,-1
P0267,climate,controversial,TRUE,deceptive,4,5,5,4,5,1
P0267,election,controversial,TRUE,deceptive,1,7,5,1,7,6
P0267,great_wall,neutral,FALSE,deceptive,3,4,3,5,4,-1
P0267,gun_control,controversial,FALSE,accurate,1,6,4,7,2,-5
P0267,lightning,neutral,FALSE,accurate,1,4,1,7,4,-3
P0267,vaccines,controversial,FALSE,accurate,7,1,6,1,7,6
P0267,water_boil,neutral,TRUE,deceptive,5,5,2,5,5,0
P0268,bones,neutral,TRUE,accurate,7,7,6,7,7,0
P0268,climate,controversial,TRUE,accurate,3,5,2,3,5,2
P0268,election,controversial,TRUE,accurate,1,2,4,1,2,1
P0268,great_wall,neutral,FALSE,accurate,1,1,2,7,7,0
P0268,gun_control,controversial,FALSE,accurate,3,2,3,5,6,1
P0268,lightning,neutral,FALSE,deceptive,3,6,1,5,2,-3
P0268,vaccines,controversial,FALSE,deceptive,1,1,5,7,7,0
P0268,water_boil,neutral,TRUE,deceptive,4,5,1,4,5,1
P0269,bones,neutral,TRUE,accurate,5,5,3,5,5,0
P0269,climate,controversial,TRUE,accurate,1,1,5,1,1,0
P0269,election,controversial,TRUE,accurate,1,1,6,1,1,0
P0269,great_wall,neutral,FALSE,accurate,4,4,1,4,4,0
P0269,gun_control,controversial,FALSE,accurate,3,3,4,5,5,0
P0269,lightning,neutral,FALSE,accurate,4,4,3,4,4,0
P0269,vaccines,controversial,FALSE,accurate,6,6,7,2,2,0
P0269,water_boil,neutral,TRUE,accurate,4,5,2,4,5,1
P0270,bones,neutral,TRUE,deceptive,5,7,1,5,7,2
P0270,climate,controversial,TRUE,deceptive,4,5,3,4,5,1
P0270,election,controversial,TRUE,accurate,1,4,4,1,4,3
P0270,great_wall,neutral,FALSE,accurate,5,7,1,3,1,-2
P0270,gun_control,controversial,FALSE,accurate,1,6,4,7,2,-5
P0270,lightning,neutral,FALSE,accurate,5,6,3,3,2,-1
P0270,vaccines,controversial,FALSE,deceptive,2,5,1,6,3,-3
P0270,water_boil,neutral,TRUE,accurate,2,4,1,2,4,2
P0271,bones,neutral,TRUE,deceptive,3,2,1,3,2,-1
P0271,climate,controversial,TRUE,accurate,7,7,5,7,7,0
P0271,election,controversial,TRUE,accurate,7,7,4,7,7,0
P0271,great_wall,neutral,FALSE,accurate,5,2,1,3,6,3
P0271,gun_control,controversial,FALSE,accurate,1,1,5,7,7,0
P0271,lightning,neutral,FALSE,accurate,1,1,1,7,7,0
P0271,vaccines,controversial,FALSE,accurate,1,1,3,7,7,0
P0271,water_boil,neutral,TRUE,accurate,6,5,1,6,5,-1
P0272,bones,neutral,TRUE,deceptive,7,1,6,7,1,-6
P0272,climate,controversial,TRUE,deceptive,7,7,6,7,7,0
P0272,election,controversial,TRUE,accurate,1,3,4,1,3,2
P0272,great_wall,neutral,FALSE,deceptive,1,5,1,7,3,-4
P0272,gun_control,controversial,FALSE,deceptive,2,7,3,6,1,-5
P0272,lightning,neutral,FALSE,accurate,2,5,3,6,3,-3
P0272,vaccines,controversial,FALSE,deceptive,1,2,3,7,6,-1
P0272,water_boil,neutral,TRUE,deceptive,7,6,1,7,6,-1
P0273,bones,neutral,TRUE,deceptive,3,2,5,3,2,-1
P0273,climate,controversial,TRUE,accurate,5,5,3,5,5,0
P0273,election,controversial,TRUE,accurate,3,4,4,3,4,1
P0273,great_wall,neutral,FALSE,deceptive,4,5,1,4,3,-1
P0273,gun_control,controversial,FALSE,accurate,5,4,3,3,4,1
P0273,lightning,neutral,FALSE,deceptive,3,5,3,5,3,-2
P0273,vaccines,controversial,FALSE,deceptive,3,3,3,5,5,0
P0273,water_boil,neutral,TRUE,accurate,5,6,3,5,6,1
P0274,bones,neutral,TRUE,accurate,7,7,6,7,7,0
P0274,climate,controversial,TRUE,deceptive,7,7,6,7,7,0
P0274,election,controversial,TRUE,accurate,7,7,7,7,7,0
P0274,great_wall,neutral,FALSE,accurate,6,2,1,2,6,4
P0274,gun_control,controversial,FALSE,deceptive,1,1,7,7,7,0
P0274,lightning,neutral,FALSE,accurate,2,1,6,6,7,1
P0274,vaccines,controversial,FALSE,accurate,1,1,7,7,7,0
P0274,water_boil,neutral,TRUE,deceptive,7,6,5,7,6,-1
P0275,bones,neutral,TRUE,accurate,4,6,1,4,6,2
P0275,climate,controversial,TRUE,accurate,5,5,2,5,5,0
P0275,election,controversial,TRUE,accurate,7,5,4,7,5,-2
P0275,great_wall,neutral,FALSE,accurate,4,4,1,4,4,0
P0275,gun_control,controversial,FALSE,deceptive,3,4,4,5,4,-1
P0275,lightning,neutral,FALSE,accurate,4,4,1,4,4,0
P0275,vaccines,controversial,FALSE,deceptive,1,7,3,7,1,-6
P0275,water_boil,neutral,TRUE,accurate,2,6,1,2,6,4
P0276,bones,neutral,TRUE,deceptive,7,4,1,7,4,-3
P0276,climate,controversial,TRUE,deceptive,5,4,1,5,4,-1
P0276,election,controversial,TRUE,accurate,7,7,1,7,7,0
P0276,great_wall,neutral,FALSE,accurate,1,1,1,7,7,0
P0276,gun_control,controversial,FALSE,accurate,5,3,1,3,5,2
P0276,lightning,neutral,FALSE,deceptive,4,4,1,4,4,0
P0276,vaccines,controversial,FALSE,deceptive,3,4,1,5,4,-1
P0276,water_boil,neutral,TRUE,accurate,7,7,1,7,7,0
P0277,bones,neutral,TRUE,accurate,7,7,6,7,7,0
P0277,climate,controversial,TRUE,accurate,7,7,6,7,7,0
P0277,election,controversial,TRUE,accurate,6,6,5,6,6,0
P0277,great_wall,neutral,FALSE,accurate,7,2,4,1,6,5
P0277,gun_control,controversial,FALSE,deceptive,1,7,3,7,1,-6
P0277,lightning,neutral,FALSE,accurate,6,3,2,2,5,3
P0277,vaccines,controversial,FALSE,deceptive,1,1,4,7,7,0
P0277,water_boil,neutral,TRUE,deceptive,3,1,1,3,1,-2
P0278,bones,neutral,TRUE,deceptive,5,4,1,5,4,-1
P0278,climate,controversial,TRUE,deceptive,7,7,1,7,7,0
P0278,election,controversial,TRUE,deceptive,7,7,2,7,7,0
P0278,great_wall,neutral,FALSE,deceptive,7,7,1,1,1,0
P0278,gun_control,controversial,FALSE,deceptive,1,1,2,7,7,0
P0278,lightning,neutral,FALSE,accurate,1,1,1,7,7,0
P0278,vaccines,controversial,FALSE,deceptive,1,1,2,7,7,0
P0278,water_boil,neutral,TRUE,deceptive,5,3,1,5,3,-2
P0279,bones,neutral,TRUE,deceptive,6,4,2,6,4,-2
P0279,climate,controversial,TRUE,deceptive,5,3,2,5,3,-2
P0279,election,controversial,TRUE,deceptive,4,3,3,4,3,-1
P0279,great_wall,neutral,FALSE,accurate,1,1,7,7,7,0
P0279,gun_control,controversial,FALSE,accurate,2,2,4,6,6,0
P0279,lightning,neutral,FALSE,accurate,2,1,5,6,7,1
P0279,vaccines,controversial,FALSE,accurate,1,1,6,7,7,0
P0279,water_boil,neutral,TRUE,accurate,7,7,6,7,7,0
P0280,bones,neutral,TRUE,deceptive,4,4,3,4,4,0
P0280,climate,controversial,TRUE,deceptive,4,3,3,4,3,-1
P0280,election,controversial,TRUE,accurate,4,3,4,4,3,-1
P0280,great_wall,neutral,FALSE,deceptive,5,3,3,3,5,2
P0280,gun_control,controversial,FALSE,accurate,6,5,4,2,3,1
P0280,lightning,neutral,FALSE,accurate,4,5,6,4,3,-1
P0280,vaccines,controversial,FALSE,deceptive,4,3,3,4,5,1
P0280,water_boil,neutral,TRUE,deceptive,5,5,4,5,5,0
P0281,bones,neutral,TRUE,deceptive,4,4,2,4,4,0
P0281,climate,controversial,TRUE,deceptive,6,3,3,6,3,-3
P0281,election,controversial,TRUE,accurate,2,4,2,2,4,2
P0281,great_wall,neutral,FALSE,deceptive,1,4,2,7,4,-3
P0281,gun_control,controversial,FALSE,accurate,4,4,2,4,4,0
P0281,lightning,neutral,FALSE,deceptive,5,6,3,3,2,-1
P0281,vaccines,controversial,FALSE,deceptive,1,4,3,7,4,-3
P0281,water_boil,neutral,TRUE,accurate,7,7,5,7,7,0
P0282,bones,neutral,TRUE,accurate,4,5,1,4,5,1
P0282,climate,controversial,TRUE,deceptive,6,3,4,6,3,-3
P0282,election,controversial,TRUE,deceptive,2,2,2,2,2,0
P0282,great_wall,neutral,FALSE,accurate,7,6,1,1,2,1
P0282,gun_control,controversial,FALSE,deceptive,5,7,4,3,1,-2
P0282,lightning,neutral,FALSE,accurate,1,7,3,7,1,-6
P0282,vaccines,controversial,FALSE,deceptive,2,5,3,6,3,-3
P0282,water_boil,neutral,TRUE,deceptive,4,5,1,4,5,1
P0283,bones,neutral,TRUE,accurate,4,7,1,4,7,3
P0283,climate,controversial,TRUE,accurate,4,5,2,4,5,1
P0283,election,controversial,TRUE,accurate,3,3,4,3,3,0
P0283,great_wall,neutral,FALSE,accurate,6,1,2,2,7,5
P0283,gun_control,controversial,FALSE,deceptive,4,4,4,4,4,0
P0283,lightning,neutral,FALSE,deceptive,3,6,2,5,2,-3
P0283,vaccines,controversial,FALSE,accurate,3,3,4,5,5,0
P0283,water_boil,neutral,TRUE,deceptive,3,2,1,3,2,-1
P0284,bones,neutral,TRUE,deceptive,4,4,3,4,4,0
P0284,climate,controversial,TRUE,deceptive,6,6,5,6,6,0
P0284,election,controversial,TRUE,accurate,5,5,5,5,5,0
P0284,great_wall,neutral,FALSE,accurate,2,2,5,6,6,0
P0284,gun_control,controversial,FALSE,accurate,4,4,4,4,4,0
P0284,lightning,neutral,FALSE,accurate,2,2,3,6,6,0
P0284,vaccines,controversial,FALSE,accurate,2,2,5,6,6,0
P0284,water_boil,neutral,TRUE,deceptive,6,5,2,6,5,-1
P0285,bones,neutral,TRUE,deceptive,6,1,1,6,1,-5
P0285,climate,controversial,TRUE,deceptive,6,4,2,6,4,-2
P0285,election,controversial,TRUE,accurate,1,1,3,1,1,0
P0285,great_wall,neutral,FALSE,accurate,5,7,1,3,1,-2
P0285,gun_control,controversial,FALSE,deceptive,6,6,4,2,2,0
P0285,lightning,neutral,FALSE,deceptive,7,5,3,1,3,2
P0285,vaccines,controversial,FALSE,accurate,1,4,1,7,4,-3
P0285,water_boil,neutral,TRUE,accurate,5,4,1,5,4,-1
P0286,bones,neutral,TRUE,deceptive,5,6,2,5,6,1
P0286,climate,controversial,TRUE,deceptive,5,3,2,5,3,-2
P0286,election,controversial,TRUE,accurate,2,2,3,2,2,0
P0286,great_wall,neutral,FALSE,accurate,2,1,1,6,7,1
P0286,gun_control,controversial,FALSE,accurate,1,1,4,7,7,0
P0286,lightning,neutral,FALSE,accurate,5,5,1,3,3,0
P0286,vaccines,controversial,FALSE,accurate,1,7,4,7,1,-6
P0286,water_boil,neutral,TRUE,deceptive,7,5,5,7,5,-2
P0287,bones,neutral,TRUE,deceptive,4,4,4,4,4,0
P0287,climate,controversial,TRUE,deceptive,4,4,4,4,4,0
P0287,election,controversial,TRUE,deceptive,4,4,4,4,4,0
P0287,great_wall,neutral,FALSE,accurate,4,4,4,4,4,0
P0287,gun_control,controversial,FALSE,deceptive,4,4,4,4,4,0
P0287,lightning,neutral,FALSE,deceptive,4,4,4,4,4,0
P0287,vaccines,controversial,FALSE,deceptive,4,4,4,4,4,0
P0287,water_boil,neutral,TRUE,accurate,4,4,4,4,4,0
P0288,bones,neutral,TRUE,deceptive,5,5,2,5,5,0
P0288,climate,controversial,TRUE,accurate,5,7,4,5,7,2
P0288,election,controversial,TRUE,accurate,3,4,3,3,4,1
P0288,great_wall,neutral,FALSE,accurate,4,5,1,4,3,-1
P0288,gun_control,controversial,FALSE,deceptive,5,5,2,3,3,0
P0288,lightning,neutral,FALSE,accurate,7,7,1,1,1,0
P0288,vaccines,controversial,FALSE,accurate,1,7,4,7,1,-6
P0288,water_boil,neutral,TRUE,deceptive,4,6,1,4,6,2
P0289,bones,neutral,TRUE,deceptive,1,2,1,1,2,1
P0289,climate,controversial,TRUE,deceptive,3,3,2,3,3,0
P0289,election,controversial,TRUE,accurate,2,3,2,2,3,1
P0289,great_wall,neutral,FALSE,accurate,5,3,2,3,5,2
P0289,gun_control,controversial,FALSE,accurate,5,5,2,3,3,0
P0289,lightning,neutral,FALSE,deceptive,6,6,2,2,2,0
P0289,vaccines,controversial,FALSE,accurate,2,2,2,6,6,0
P0289,water_boil,neutral,TRUE,deceptive,6,4,2,6,4,-2
P0290,bones,neutral,TRUE,deceptive,7,3,3,7,3,-4
P0290,climate,controversial,TRUE,deceptive,6,4,5,6,4,-2
P0290,election,controversial,TRUE,deceptive,7,7,7,7,7,0
P0290,great_wall,neutral,FALSE,deceptive,1,3,1,7,5,-2
P0290,gun_control,controversial,FALSE,accurate,1,1,6,7,7,0
P0290,lightning,neutral,FALSE,accurate,1,1,3,7,7,0
P0290,vaccines,controversial,FALSE,accurate,1,1,6,7,7,0
P0290,water_boil,neutral,TRUE,accurate,7,7,5,7,7,0
P0291,bones,neutral,TRUE,deceptive,7,7,4,7,7,0
P0291,climate,controversial,TRUE,accurate,5,5,6,5,5,0
P0291,election,controversial,TRUE,accurate,1,3,5,1,3,2
P0291,great_wall,neutral,FALSE,deceptive,1,6,2,7,2,-5
P0291,gun_control,controversial,FALSE,accurate,2,1,6,6,7,1
P0291,lightning,neutral,FALSE,accurate,4,5,3,4,3,-1
P0291,vaccines,controversial,FALSE,deceptive,1,1,6,7,7,0
P0291,water_boil,neutral,TRUE,accurate,7,7,5,7,7,0
P0292,bones,neutral,TRUE,accurate,5,6,2,5,6,1
P0292,climate,controversial,TRUE,accurate,7,7,7,7,7,0
P0292,election,controversial,TRUE,accurate,7,7,7,7,7,0
P0292,great_wall,neutral,FALSE,accurate,5,3,1,3,5,2
P0292,gun_control,controversial,FALSE,accurate,2,1,7,6,7,1
P0292,lightning,neutral,FALSE,accurate,5,2,2,3,6,3
P0292,vaccines,controversial,FALSE,accurate,1,1,7,7,7,0
P0292,water_boil,neutral,TRUE,deceptive,6,3,1,6,3,-3
P0293,bones,neutral,TRUE,accurate,7,7,4,7,7,0
P0293,climate,controversial,TRUE,deceptive,2,1,4,2,1,-1
P0293,election,controversial,TRUE,deceptive,1,1,1,1,1,0
P0293,great_wall,neutral,FALSE,deceptive,1,5,1,7,3,-4
P0293,gun_control,controversial,FALSE,deceptive,4,6,1,4,2,-2
P0293,lightning,neutral,FALSE,accurate,1,1,2,7,7,0
P0293,vaccines,controversial,FALSE,accurate,2,1,3,6,7,1
P0293,water_boil,neutral,TRUE,accurate,7,7,2,7,7,0
P0294,bones,neutral,TRUE,accurate,4,3,5,4,3,-1
P0294,climate,controversial,TRUE,accurate,4,4,4,4,4,0
P0294,election,controversial,TRUE,accurate,4,3,4,4,3,-1
P0294,great_wall,neutral,FALSE,deceptive,7,7,7,1,1,0
P0294,gun_control,controversial,FALSE,deceptive,4,2,4,4,6,2
P0294,lightning,neutral,FALSE,deceptive,7,7,7,1,1,0
P0294,vaccines,controversial,FALSE,accurate,3,3,4,5,5,0
P0294,water_boil,neutral,TRUE,accurate,4,4,1,4,4,0
P0295,bones,neutral,TRUE,accurate,6,6,4,6,6,0
P0295,climate,controversial,TRUE,accurate,6,6,6,6,6,0
P0295,election,controversial,TRUE,accurate,1,1,6,1,1,0
P0295,great_wall,neutral,FALSE,deceptive,6,6,6,2,2,0
P0295,gun_control,controversial,FALSE,deceptive,6,6,7,2,2,0
P0295,lightning,neutral,FALSE,accurate,3,2,4,5,6,1
P0295,vaccines,controversial,FALSE,accurate,2,2,6,6,6,0
P0295,water_boil,neutral,TRUE,deceptive,7,7,7,7,7,0
P0296,bones,neutral,TRUE,deceptive,7,6,2,7,6,-1
P0296,climate,controversial,TRUE,deceptive,7,7,7,7,7,0
P0296,election,controversial,TRUE,deceptive,7,7,7,7,7,0
P0296,great_wall,neutral,FALSE,deceptive,7,7,4,1,1,0
P0296,gun_control,controversial,FALSE,accurate,2,2,5,6,6,0
P0296,lightning,neutral,FALSE,deceptive,1,1,2,7,7,0
P0296,vaccines,controversial,FALSE,deceptive,1,1,7,7,7,0
P0296,water_boil,neutral,TRUE,accurate,4,7,4,4,7,3
P0297,bones,neutral,TRUE,deceptive,4,1,2,4,1,-3
P0297,climate,controversial,TRUE,accurate,7,7,7,7,7,0
P0297,election,controversial,TRUE,accurate,2,2,4,2,2,0
P0297,great_wall,neutral,FALSE,accurate,3,1,1,5,7,2
P0297,gun_control,controversial,FALSE,deceptive,1,5,4,7,3,-4
P0297,lightning,neutral,FALSE,accurate,3,1,1,5,7,2
P0297,vaccines,controversial,FALSE,deceptive,1,1,6,7,7,0
P0297,water_boil,neutral,TRUE,accurate,7,7,7,7,7,0
P0298,bones,neutral,TRUE,accurate,7,7,4,7,7,0
P0298,climate,controversial,TRUE,deceptive,6,5,4,6,5,-1
P0298,election,controversial,TRUE,accurate,7,7,7,7,7,0
P0298,great_wall,neutral,FALSE,accurate,7,1,5,1,7,6
P0298,gun_control,controversial,FALSE,deceptive,1,7,4,7,1,-6
P0298,lightning,neutral,FALSE,deceptive,3,7,4,5,1,-4
P0298,vaccines,controversial,FALSE,accurate,5,2,3,3,6,3
P0298,water_boil,neutral,TRUE,deceptive,7,5,4,7,5,-2
P0299,bones,neutral,TRUE,accurate,4,7,3,4,7,3
P0299,climate,controversial,TRUE,deceptive,4,4,2,4,4,0
P0299,election,controversial,TRUE,deceptive,3,6,3,3,6,3
P0299,great_wall,neutral,FALSE,deceptive,5,5,5,3,3,0
P0299,gun_control,controversial,FALSE,deceptive,3,4,2,5,4,-1
P0299,lightning,neutral,FALSE,deceptive,7,7,4,1,1,0
P0299,vaccines,controversial,FALSE,accurate,1,7,5,7,1,-6
P0299,water_boil,neutral,TRUE,accurate,7,7,2,7,7,0
P0300,bones,neutral,TRUE,deceptive,7,5,3,7,5,-2
P0300,climate,controversial,TRUE,accurate,6,6,3,6,6,0
P0300,election,controversial,TRUE,deceptive,2,2,2,2,2,0
P0300,great_wall,neutral,FALSE,accurate,5,3,2,3,5,2
P0300,gun_control,controversial,FALSE,deceptive,4,6,1,4,2,-2
P0300,lightning,neutral,FALSE,deceptive,6,6,2,2,2,0
P0300,vaccines,controversial,FALSE,accurate,1,1,3,7,7,0
P0300,water_boil,neutral,TRUE,deceptive,7,6,3,7,6,-1
P0301,bones,neutral,TRUE,deceptive,7,6,4,7,6,-1
P0301,climate,controversial,TRUE,accurate,7,7,6,7,7,0
P0301,election,controversial,TRUE,accurate,7,7,7,7,7,0
P0301,great_wall,neutral,FALSE,accurate,7,7,4,1,1,0
P0301,gun_control,controversial,FALSE,accurate,1,1,7,7,7,0
P0301,lightning,neutral,FALSE,deceptive,1,1,2,7,7,0
P0301,vaccines,controversial,FALSE,deceptive,1,1,7,7,7,0
P0301,water_boil,neutral,TRUE,deceptive,5,5,1,5,5,0
P0302,bones,neutral,TRUE,deceptive,4,4,4,4,4,0
P0302,climate,controversial,TRUE,accurate,7,7,7,7,7,0
P0302,election,controversial,TRUE,accurate,6,7,7,6,7,1
P0302,great_wall,neutral,FALSE,deceptive,1,5,1,7,3,-4
P0302,gun_control,controversial,FALSE,deceptive,3,2,3,5,6,1
P0302,lightning,neutral,FALSE,deceptive,4,4,4,4,4,0
P0302,vaccines,controversial,FALSE,deceptive,1,3,2,7,5,-2
P0302,water_boil,neutral,TRUE,deceptive,6,3,3,6,3,-3
P0303,bones,neutral,TRUE,deceptive,4,4,1,4,4,0
P0303,climate,controversial,TRUE,accurate,3,3,4,3,3,0
P0303,election,controversial,TRUE,accurate,4,4,6,4,4,0
P0303,great_wall,neutral,FALSE,deceptive,2,3,4,6,5,-1
P0303,gun_control,controversial,FALSE,accurate,1,1,6,7,7,0
P0303,lightning,neutral,FALSE,accurate,4,5,3,4,3,-1
P0303,vaccines,controversial,FALSE,accurate,1,1,6,7,7,0
P0303,water_boil,neutral,TRUE,accurate,7,7,5,7,7,0
P0304,bones,neutral,TRUE,deceptive,6,3,2,6,3,-3
P0304,climate,controversial,TRUE,accurate,6,6,6,6,6,0
P0304,election,controversial,TRUE,accurate,7,7,7,7,7,0
P0304,great_wall,neutral,FALSE,accurate,5,5,1,3,3,0
P0304,gun_control,controversial,FALSE,deceptive,2,4,3,6,4,-2
P0304,lightning,neutral,FALSE,deceptive,3,5,1,5,3,-2
P0304,vaccines,controversial,FALSE,accurate,1,7,6,7,1,-6
P0304,water_boil,neutral,TRUE,deceptive,7,4,5,7,4,-3
P0305,bones,neutral,TRUE,accurate,7,7,7,7,7,0
P0305,climate,controversial,TRUE,accurate,7,7,4,7,7,0
P0305,election,controversial,TRUE,deceptive,3,2,2,3,2,-1
P0305,great_wall,neutral,FALSE,deceptive,2,3,1,6,5,-1
P0305,gun_control,controversial,FALSE,accurate,1,1,5,7,7,0
P0305,lightning,neutral,FALSE,accurate,5,2,2,3,6,3
P0305,vaccines,controversial,FALSE,deceptive,2,1,1,6,7,1
P0305,water_boil,neutral,TRUE,accurate,6,5,3,6,5,-1
P0306,bones,neutral,TRUE,accurate,7,7,3,7,7,0
P0306,climate,controversial,TRUE,accurate,2,3,3,2,3,1
P0306,election,controversial,TRUE,deceptive,5,2,3,5,2,-3
P0306,great_wall,neutral,FALSE,accurate,5,3,2,3,5,2
P0306,gun_control,controversial,FALSE,deceptive,2,2,2,6,6,0
P0306,lightning,neutral,FALSE,accurate,5,4,3,3,4,1
P0306,vaccines,controversial,FALSE,accurate,1,1,3,7,7,0
P0306,water_boil,neutral,TRUE,accurate,5,5,2,5,5,0
P0307,bones,neutral,TRUE,deceptive,6,6,2,6,6,0
P0307,climate,controversial,TRUE,deceptive,7,7,4,7,7,0
P0307,election,controversial,TRUE,accurate,7,7,7,7,7,0
P0307,great_wall,neutral,FALSE,accurate,1,1,2,7,7,0
P0307,gun_control,controversial,FALSE,deceptive,1,1,6,7,7,0
P0307,lightning,neutral,FALSE,accurate,2,2,1,6,6,0
P0307,vaccines,controversial,FALSE,deceptive,1,1,4,7,7,0
P0307,water_boil,neutral,TRUE,accurate,6,5,3,6,5,-1
P0308,bones,neutral,TRUE,accurate,7,7,6,7,7,0
P0308,climate,controversial,TRUE,deceptive,1,1,6,1,1,0
P0308,election,controversial,TRUE,accurate,1,2,7,1,2,1
P0308,great_wall,neutral,FALSE,deceptive,5,7,3,3,1,-2
P0308,gun_control,controversial,FALSE,accurate,6,3,7,2,5,3
P0308,lightning,neutral,FALSE,deceptive,2,6,1,6,2,-4
P0308,vaccines,controversial,FALSE,deceptive,6,6,6,2,2,0
P0308,water_boil,neutral,TRUE,deceptive,7,6,5,7,6,-1
P0309,bones,neutral,TRUE,deceptive,5,4,3,5,4,-1
P0309,climate,controversial,TRUE,accurate,6,6,5,6,6,0
P0309,election,controversial,TRUE,deceptive,5,5,4,5,5,0
P0309,great_wall,neutral,FALSE,accurate,5,3,3,3,5,2
P0309,gun_control,controversial,FALSE,deceptive,2,3,3,6,5,-1
P0309,lightning,neutral,FALSE,deceptive,2,2,4,6,6,0
P0309,vaccines,controversial,FALSE,accurate,1,1,5,7,7,0
P0309,water_boil,neutral,TRUE,deceptive,6,6,5,6,6,0
P0310,bones,neutral,TRUE,accurate,7,7,2,7,7,0
P0310,climate,controversial,TRUE,deceptive,7,6,4,7,6,-1
P0310,election,controversial,TRUE,deceptive,6,6,4,6,6,0
P0310,great_wall,neutral,FALSE,accurate,5,2,1,3,6,3
P0310,gun_control,controversial,FALSE,deceptive,2,4,2,6,4,-2
P0310,lightning,neutral,FALSE,deceptive,3,5,1,5,3,-2
P0310,vaccines,controversial,FALSE,deceptive,1,3,2,7,5,-2
P0310,water_boil,neutral,TRUE,accurate,3,7,1,3,7,4
P0311,bones,neutral,TRUE,accurate,7,7,7,7,7,0
P0311,climate,controversial,TRUE,deceptive,3,1,1,3,1,-2
P0311,election,controversial,TRUE,deceptive,4,4,3,4,4,0
P0311,great_wall,neutral,FALSE,deceptive,3,7,7,5,1,-4
P0311,gun_control,controversial,FALSE,deceptive,5,7,7,3,1,-2
P0311,lightning,neutral,FALSE,accurate,3,2,2,5,6,1
P0311,vaccines,controversial,FALSE,deceptive,7,7,5,1,1,0
P0311,water_boil,neutral,TRUE,accurate,7,5,5,7,5,-2
P0312,bones,neutral,TRUE,deceptive,1,1,4,1,1,0
P0312,climate,controversial,TRUE,accurate,6,6,3,6,6,0
P0312,election,controversial,TRUE,accurate,6,6,3,6,6,0
P0312,great_wall,neutral,FALSE,accurate,4,3,1,4,5,1
P0312,gun_control,controversial,FALSE,accurate,3,3,2,5,5,0
P0312,lightning,neutral,FALSE,deceptive,3,3,2,5,5,0
P0312,vaccines,controversial,FALSE,accurate,3,5,2,5,3,-2
P0312,water_boil,neutral,TRUE,accurate,7,7,4,7,7,0
P0313,bones,neutral,TRUE,accurate,5,5,1,5,5,0
P0313,climate,controversial,TRUE,accurate,6,6,3,6,6,0
P0313,election,controversial,TRUE,deceptive,7,6,6,7,6,-1
P0313,great_wall,neutral,FALSE,accurate,3,3,2,5,5,0
P0313,gun_control,controversial,FALSE,accurate,4,3,4,4,5,1
P0313,lightning,neutral,FALSE,accurate,4,4,1,4,4,0
P0313,vaccines,controversial,FALSE,deceptive,1,1,5,7,7,0
P0313,water_boil,neutral,TRUE,accurate,3,4,1,3,4,1
P0314,bones,neutral,TRUE,accurate,4,7,1,4,7,3
P0314,climate,controversial,TRUE,deceptive,6,3,4,6,3,-3
P0314,election,controversial,TRUE,deceptive,6,2,6,6,2,-4
P0314,great_wall,neutral,FALSE,deceptive,1,7,3,7,1,-6
P0314,gun_control,controversial,FALSE,accurate,3,7,4,5,1,-4
P0314,lightning,neutral,FALSE,accurate,4,7,1,4,1,-3
P0314,vaccines,controversial,FALSE,deceptive,1,2,4,7,6,-1
P0314,water_boil,neutral,TRUE,accurate,7,7,7,7,7,0
P0315,bones,neutral,TRUE,accurate,4,4,2,4,4,0
P0315,climate,controversial,TRUE,deceptive,7,7,4,7,7,0
P0315,election,controversial,TRUE,accurate,7,7,6,7,7,0
P0315,great_wall,neutral,FALSE,deceptive,1,1,7,7,7,0
P0315,gun_control,controversial,FALSE,accurate,2,2,4,6,6,0
P0315,lightning,neutral,FALSE,accurate,2,4,2,6,4,-2
P0315,vaccines,controversial,FALSE,deceptive,1,1,5,7,7,0
P0315,water_boil,neutral,TRUE,accurate,7,7,7,7,7,0
P0316,bones,neutral,TRUE,accurate,7,7,7,7,7,0
P0316,climate,controversial,TRUE,deceptive,5,5,5,5,5,0
P0316,election,controversial,TRUE,accurate,2,2,6,2,2,0
P0316,great_wall,neutral,FALSE,deceptive,5,4,4,3,4,1
P0316,gun_control,controversial,FALSE,accurate,5,1,6,3,7,4
P0316,lightning,neutral,FALSE,accurate,6,2,1,2,6,4
P0316,vaccines,controversial,FALSE,accurate,6,6,6,2,2,0
P0316,water_boil,neutral,TRUE,deceptive,4,6,5,4,6,2
P0317,bones,neutral,TRUE,deceptive,7,6,5,7,6,-1
P0317,climate,controversial,TRUE,accurate,6,7,6,6,7,1
P0317,election,controversial,TRUE,accurate,6,7,4,6,7,1
P0317,great_wall,neutral,FALSE,accurate,4,5,1,4,3,-1
P0317,gun_control,controversial,FALSE,accurate,2,2,4,6,6,0
P0317,lightning,neutral,FALSE,deceptive,6,7,5,2,1,-1
P0317,vaccines,controversial,FALSE,deceptive,1,1,6,7,7,0
P0317,water_boil,neutral,TRUE,accurate,7,7,6,7,7,0
P0318,bones,neutral,TRUE,accurate,7,7,7,7,7,0
P0318,climate,controversial,TRUE,deceptive,6,5,5,6,5,-1
P0318,election,controversial,TRUE,accurate,6,6,5,6,6,0
P0318,great_wall,neutral,FALSE,deceptive,1,2,4,7,6,-1
P0318,gun_control,controversial,FALSE,accurate,6,6,5,2,2,0
P0318,lightning,neutral,FALSE,accurate,6,1,2,2,7,5
P0318,vaccines,controversial,FALSE,accurate,1,1,7,7,7,0
P0318,water_boil,neutral,TRUE,deceptive,7,7,6,7,7,0
P0319,bones,neutral,TRUE,accurate,4,7,7,4,7,3
P0319,climate,controversial,TRUE,accurate,4,4,4,4,4,0
P0319,election,controversial,TRUE,deceptive,7,5,7,7,5,-2
P0319,great_wall,neutral,FALSE,accurate,4,4,4,4,4,0
P0319,gun_control,controversial,FALSE,accurate,1,1,6,7,7,0
P0319,lightning,neutral,FALSE,accurate,4,4,4,4,4,0
P0319,vaccines,controversial,FALSE,accurate,7,4,5,1,4,3
P0319,water_boil,neutral,TRUE,deceptive,5,5,5,5,5,0
P0320,bones,neutral,TRUE,accurate,6,6,5,6,6,0
P0320,climate,controversial,TRUE,accurate,6,6,5,6,6,0
P0320,election,controversial,TRUE,deceptive,1,1,5,1,1,0
P0320,great_wall,neutral,FALSE,deceptive,1,3,2,7,5,-2
P0320,gun_control,controversial,FALSE,deceptive,4,4,5,4,4,0
P0320,lightning,neutral,FALSE,deceptive,2,3,4,6,5,-1
P0320,vaccines,controversial,FALSE,accurate,1,1,5,7,7,0
P0320,water_boil,neutral,TRUE,accurate,7,7,5,7,7,0
P0321,bones,neutral,TRUE,deceptive,6,7,3,6,7,1
P0321,climate,controversial,TRUE,deceptive,6,6,3,6,6,0
P0321,election,controversial,TRUE,deceptive,4,4,2,4,4,0
P0321,great_wall,neutral,FALSE,deceptive,1,2,1,7,6,-1
P0321,gun_control,controversial,FALSE,deceptive,3,1,2,5,7,2
P0321,lightning,neutral,FALSE,deceptive,4,3,1,4,5,1
P0321,vaccines,controversial,FALSE,accurate,1,1,2,7,7,0
P0321,water_boil,neutral,TRUE,accurate,2,2,1,2,2,0
P0322,bones,neutral,TRUE,accurate,7,7,5,7,7,0
P0322,climate,controversial,TRUE,accurate,7,7,7,7,7,0
P0322,election,controversial,TRUE,accurate,7,7,7,7,7,0
P0322,great_wall,neutral,FALSE,deceptive,2,6,2,6,2,-4
P0322,gun_control,controversial,FALSE,deceptive,1,1,4,7,7,0
P0322,lightning,neutral,FALSE,deceptive,1,1,5,7,7,0
P0322,vaccines,controversial,FALSE,deceptive,1,1,4,7,7,0
P0322,water_boil,neutral,TRUE,deceptive,7,7,6,7,7,0
P0323,bones,neutral,TRUE,deceptive,7,6,5,7,6,-1
P0323,climate,controversial,TRUE,accurate,7,7,5,7,7,0
P0323,election,controversial,TRUE,accurate,7,7,5,7,7,0
P0323,great_wall,neutral,FALSE,deceptive,3,6,1,5,2,-3
P0323,gun_control,controversial,FALSE,deceptive,3,3,2,5,5,0
P0323,lightning,neutral,FALSE,deceptive,2,3,2,6,5,-1
P0323,vaccines,controversial,FALSE,accurate,2,2,3,6,6,0
P0323,water_boil,neutral,TRUE,deceptive,6,3,2,6,3,-3
P0324,bones,neutral,TRUE,accurate,7,7,3,7,7,0
P0324,climate,controversial,TRUE,accurate,6,7,3,6,7,1
P0324,election,controversial,TRUE,deceptive,1,1,3,1,1,0
P0324,great_wall,neutral,FALSE,accurate,7,4,1,1,4,3
P0324,gun_control,controversial,FALSE,deceptive,5,5,2,3,3,0
P0324,lightning,neutral,FALSE,deceptive,2,3,1,6,5,-1
P0324,vaccines,controversial,FALSE,deceptive,1,4,1,7,4,-3
P0324,water_boil,neutral,TRUE,accurate,7,7,1,7,7,0
P0325,bones,neutral,TRUE,accurate,5,6,2,5,6,1
P0325,climate,controversial,TRUE,accurate,6,7,3,6,7,1
P0325,election,controversial,TRUE,deceptive,7,6,4,7,6,-1
P0325,great_wall,neutral,FALSE,accurate,1,1,3,7,7,0
P0325,gun_control,controversial,FALSE,deceptive,1,1,4,7,7,0
P0325,lightning,neutral,FALSE,accurate,5,3,1,3,5,2
P0325,vaccines,controversial,FALSE,accurate,2,1,2,6,7,1
P0325,water_boil,neutral,TRUE,deceptive,3,3,1,3,3,0
P0326,bones,neutral,TRUE,deceptive,5,4,1,5,4,-1
P0326,climate,controversial,TRUE,accurate,6,6,3,6,6,0
P0326,election,controversial,TRUE,accurate,6,6,4,6,6,0
P0326,great_wall,neutral,FALSE,deceptive,3,5,1,5,3,-2
P0326,gun_control,controversial,FALSE,deceptive,2,2,4,6,6,0
P0326,lightning,neutral,FALSE,accurate,3,3,2,5,5,0
P0326,vaccines,controversial,FALSE,deceptive,1,1,3,7,7,0
P0326,water_boil,neutral,TRUE,deceptive,5,3,1,5,3,-2
P0327,bones,neutral,TRUE,accurate,4,5,1,4,5,1
P0327,climate,controversial,TRUE,accurate,4,3,2,4,3,-1
P0327,election,controversial,TRUE,accurate,1,1,4,1,1,0
P0327,great_wall,neutral,FALSE,accurate,6,6,3,2,2,0
P0327,gun_control,controversial,FALSE,accurate,4,4,4,4,4,0
P0327,lightning,neutral,FALSE,accurate,5,5,1,3,3,0
P0327,vaccines,controversial,FALSE,deceptive,2,5,2,6,3,-3
P0327,water_boil,neutral,TRUE,accurate,7,7,4,7,7,0
P0328,bones,neutral,TRUE,deceptive,6,3,2,6,3,-3
P0328,climate,controversial,TRUE,deceptive,6,6,5,6,6,0
P0328,election,controversial,TRUE,accurate,6,6,5,6,6,0
P0328,great_wall,neutral,FALSE,accurate,1,1,6,7,7,0
P0328,gun_control,controversial,FALSE,deceptive,3,3,6,5,5,0
P0328,lightning,neutral,FALSE,accurate,1,1,5,7,7,0
P0328,vaccines,controversial,FALSE,accurate,2,2,6,6,6,0
P0328,water_boil,neutral,TRUE,accurate,7,7,6,7,7,0
P0329,bones,neutral,TRUE,accurate,7,7,4,7,7,0
P0329,climate,controversial,TRUE,accurate,6,6,3,6,6,0
P0329,election,controversial,TRUE,deceptive,7,7,5,7,7,0
P0329,great_wall,neutral,FALSE,deceptive,1,1,1,7,7,0
P0329,gun_control,controversial,FALSE,deceptive,1,1,5,7,7,0
P0329,lightning,neutral,FALSE,accurate,3,2,1,5,6,1
P0329,vaccines,controversial,FALSE,deceptive,1,1,4,7,7,0
P0329,water_boil,neutral,TRUE,deceptive,7,7,1,7,7,0
P0330,bones,neutral,TRUE,deceptive,5,5,5,5,5,0
P0330,climate,controversial,TRUE,deceptive,5,5,6,5,5,0
P0330,election,controversial,TRUE,accurate,6,5,5,6,5,-1
P0330,great_wall,neutral,FALSE,accurate,6,6,6,2,2,0
P0330,gun_control,controversial,FALSE,accurate,6,5,5,2,3,1
P0330,lightning,neutral,FALSE,accurate,6,3,6,2,5,3
P0330,vaccines,controversial,FALSE,accurate,6,5,6,2,3,1
P0330,water_boil,neutral,TRUE,accurate,5,6,5,5,6,1
P0331,bones,neutral,TRUE,accurate,5,7,6,5,7,2
P0331,climate,controversial,TRUE,deceptive,7,7,6,7,7,0
P0331,election,controversial,TRUE,deceptive,2,2,2,2,2,0
P0331,great_wall,neutral,FALSE,deceptive,7,7,7,1,1,0
P0331,gun_control,controversial,FALSE,accurate,4,3,4,4,5,1
P0331,lightning,neutral,FALSE,accurate,6,2,1,2,6,4
P0331,vaccines,controversial,FALSE,deceptive,5,4,4,3,4,1
P0331,water_boil,neutral,TRUE,accurate,4,4,4,4,4,0
P0332,bones,neutral,TRUE,deceptive,7,1,7,7,1,-6
P0332,climate,controversial,TRUE,deceptive,6,7,4,6,7,1
P0332,election,controversial,TRUE,accurate,1,1,5,1,1,0
P0332,great_wall,neutral,FALSE,deceptive,3,3,5,5,5,0
P0332,gun_control,controversial,FALSE,accurate,5,3,5,3,5,2
P0332,lightning,neutral,FALSE,accurate,1,1,5,7,7,0
P0332,vaccines,controversial,FALSE,deceptive,1,1,5,7,7,0
P0332,water_boil,neutral,TRUE,deceptive,1,6,4,1,6,5
P0333,bones,neutral,TRUE,deceptive,7,6,5,7,6,-1
P0333,climate,controversial,TRUE,deceptive,5,5,2,5,5,0
P0333,election,controversial,TRUE,accurate,6,6,5,6,6,0
P0333,great_wall,neutral,FALSE,accurate,3,2,1,5,6,1
P0333,gun_control,controversial,FALSE,deceptive,2,2,3,6,6,0
P0333,lightning,neutral,FALSE,accurate,4,5,1,4,3,-1
P0333,vaccines,controversial,FALSE,deceptive,1,1,2,7,7,0
P0333,water_boil,neutral,TRUE,accurate,6,6,6,6,6,0
P0334,bones,neutral,TRUE,accurate,7,7,2,7,7,0
P0334,climate,controversial,TRUE,accurate,6,6,2,6,6,0
P0334,election,controversial,TRUE,deceptive,4,3,1,4,3,-1
P0334,great_wall,neutral,FALSE,deceptive,1,5,1,7,3,-4
P0334,gun_control,controversial,FALSE,deceptive,6,7,3,2,1,-1
P0334,lightning,neutral,FALSE,deceptive,3,6,1,5,2,-3
P0334,vaccines,controversial,FALSE,deceptive,3,5,1,5,3,-2
P0334,water_boil,neutral,TRUE,deceptive,1,1,1,1,1,0
P0335,bones,neutral,TRUE,deceptive,7,5,6,7,5,-2
P0335,climate,controversial,TRUE,deceptive,6,6,5,6,6,0
P0335,election,controversial,TRUE,accurate,2,2,5,2,2,0
P0335,great_wall,neutral,FALSE,accurate,4,3,1,4,5,1
P0335,gun_control,controversial,FALSE,accurate,1,1,6,7,7,0
P0335,lightning,neutral,FALSE,accurate,4,2,1,4,6,2
P0335,vaccines,controversial,FALSE,accurate,3,2,3,5,6,1
P0335,water_boil,neutral,TRUE,accurate,4,6,2,4,6,2
P0336,bones,neutral,TRUE,accurate,7,7,7,7,7,0
P0336,climate,controversial,TRUE,accurate,5,5,3,5,5,0
P0336,election,controversial,TRUE,accurate,2,3,4,2,3,1
P0336,great_wall,neutral,FALSE,deceptive,3,2,1,5,6,1
P0336,gun_control,controversial,FALSE,accurate,2,3,5,6,5,-1
P0336,lightning,neutral,FALSE,accurate,7,5,4,1,3,2
P0336,vaccines,controversial,FALSE,deceptive,6,5,3,2,3,1
P0336,water_boil,neutral,TRUE,accurate,1,3,6,1,3,2
P0337,bones,neutral,TRUE,accurate,6,7,2,6,7,1
P0337,climate,controversial,TRUE,accurate,6,7,4,6,7,1
P0337,election,controversial,TRUE,deceptive,2,2,6,2,2,0
P0337,great_wall,neutral,FALSE,deceptive,5,6,2,3,2,-1
P0337,gun_control,controversial,FALSE,deceptive,2,3,4,6,5,-1
P0337,lightning,neutral,FALSE,deceptive,2,5,2,6,3,-3
P0337,vaccines,controversial,FALSE,deceptive,2,3,4,6,5,-1
P0337,water_boil,neutral,TRUE,accurate,7,7,4,7,7,0
P0338,bones,neutral,TRUE,deceptive,7,7,4,7,7,0
P0338,climate,controversial,TRUE,accurate,5,5,4,5,5,0
P0338,election,controversial,TRUE,deceptive,7,7,7,7,7,0
P0338,great_wall,neutral,FALSE,deceptive,1,1,5,7,7,0
P0338,gun_control,controversial,FALSE,deceptive,2,2,4,6,6,0
P0338,lightning,neutral,FALSE,deceptive,1,1,2,7,7,0
P0338,vaccines,controversial,FALSE,deceptive,1,1,5,7,7,0
P0338,water_boil,neutral,TRUE,accurate,4,6,2,4,6,2
P0339,bones,neutral,TRUE,accurate,7,7,4,7,7,0
P0339,climate,controversial,TRUE,deceptive,6,2,3,6,2,-4
P0339,election,controversial,TRUE,deceptive,6,3,4,6,3,-3
P0339,great_wall,neutral,FALSE,deceptive,3,4,1,5,4,-1
P0339,gun_control,controversial,FALSE,deceptive,3,3,3,5,5,0
P0339,lightning,neutral,FALSE,accurate,4,4,1,4,4,0
P0339,vaccines,controversial,FALSE,deceptive,5,2,3,3,6,3
P0339,water_boil,neutral,TRUE,accurate,5,5,1,5,5,0
P0340,bones,neutral,TRUE,deceptive,5,5,3,5,5,0
P0340,climate,controversial,TRUE,deceptive,6,6,5,6,6,0
P0340,election,controversial,TRUE,accurate,3,4,4,3,4,1
P0340,great_wall,neutral,FALSE,deceptive,1,1,3,7,7,0
P0340,gun_control,controversial,FALSE,accurate,6,3,4,2,5,3
P0340,lightning,neutral,FALSE,deceptive,2,4,2,6,4,-2
P0340,vaccines,controversial,FALSE,accurate,1,1,6,7,7,0
P0340,water_boil,neutral,TRUE,accurate,7,7,7,7,7,0
P0341,bones,neutral,TRUE,deceptive,6,5,3,6,5,-1
P0341,climate,controversial,TRUE,accurate,7,7,6,7,7,0
P0341,election,controversial,TRUE,accurate,7,6,5,7,6,-1
P0341,great_wall,neutral,FALSE,accurate,1,1,4,7,7,0
P0341,gun_control,controversial,FALSE,accurate,4,4,5,4,4,0
P0341,lightning,neutral,FALSE,deceptive,1,2,4,7,6,-1
P0341,vaccines,controversial,FALSE,accurate,1,1,5,7,7,0
P0341,water_boil,neutral,TRUE,deceptive,7,2,3,7,2,-5
P0342,bones,neutral,TRUE,accurate,7,7,4,7,7,0
P0342,climate,controversial,TRUE,deceptive,7,7,7,7,7,0
P0342,election,controversial,TRUE,accurate,3,1,7,3,1,-2
P0342,great_wall,neutral,FALSE,deceptive,2,3,3,6,5,-1
P0342,gun_control,controversial,FALSE,accurate,5,5,2,3,3,0
P0342,lightning,neutral,FALSE,deceptive,4,7,1,4,1,-3
P0342,vaccines,controversial,FALSE,deceptive,3,1,4,5,7,2
P0342,water_boil,neutral,TRUE,accurate,5,6,1,5,6,1
P0343,bones,neutral,TRUE,deceptive,5,1,2,5,1,-4
P0343,climate,controversial,TRUE,accurate,6,6,5,6,6,0
P0343,election,controversial,TRUE,deceptive,7,7,6,7,7,0
P0343,great_wall,neutral,FALSE,accurate,2,7,2,6,1,-5
P0343,gun_control,controversial,FALSE,accurate,1,1,3,7,7,0
P0343,lightning,neutral,FALSE,deceptive,4,5,1,4,3,-1
P0343,vaccines,controversial,FALSE,accurate,2,1,4,6,7,1
P0343,water_boil,neutral,TRUE,accurate,4,4,1,4,4,0
P0344,bones,neutral,TRUE,deceptive,1,3,2,1,3,2
P0344,climate,controversial,TRUE,deceptive,7,7,7,7,7,0
P0344,election,controversial,TRUE,deceptive,7,6,6,7,6,-1
P0344,great_wall,neutral,FALSE,deceptive,5,5,4,3,3,0
P0344,gun_control,controversial,FALSE,accurate,1,1,3,7,7,0
P0344,lightning,neutral,FALSE,accurate,4,3,2,4,5,1
P0344,vaccines,controversial,FALSE,accurate,2,2,5,6,6,0
P0344,water_boil,neutral,TRUE,accurate,5,5,3,5,5,0
P0345,bones,neutral,TRUE,deceptive,5,5,1,5,5,0
P0345,climate,controversial,TRUE,deceptive,7,6,4,7,6,-1
P0345,election,controversial,TRUE,deceptive,6,6,5,6,6,0
P0345,great_wall,neutral,FALSE,deceptive,5,7,3,3,1,-2
P0345,gun_control,controversial,FALSE,accurate,1,1,4,7,7,0
P0345,lightning,neutral,FALSE,accurate,5,3,1,3,5,2
P0345,vaccines,controversial,FALSE,accurate,1,1,4,7,7,0
P0345,water_boil,neutral,TRUE,accurate,7,7,2,7,7,0
P0346,bones,neutral,TRUE,accurate,5,2,2,5,2,-3
P0346,climate,controversial,TRUE,accurate,6,6,3,6,6,0
P0346,election,controversial,TRUE,accurate,1,1,3,1,1,0
P0346,great_wall,neutral,FALSE,deceptive,1,1,1,7,7,0
P0346,gun_control,controversial,FALSE,accurate,1,5,2,7,3,-4
P0346,lightning,neutral,FALSE,accurate,6,4,1,2,4,2
P0346,vaccines,controversial,FALSE,deceptive,3,2,2,5,6,1
P0346,water_boil,neutral,TRUE,accurate,4,4,1,4,4,0
P0347,bones,neutral,TRUE,accurate,5,5,5,5,5,0
P0347,climate,controversial,TRUE,accurate,7,7,6,7,7,0
P0347,election,controversial,TRUE,deceptive,6,3,5,6,3,-3
P0347,great_wall,neutral,FALSE,accurate,6,2,5,2,6,4
P0347,gun_control,controversial,FALSE,deceptive,3,2,5,5,6,1
P0347,lightning,neutral,FALSE,deceptive,4,3,1,4,5,1
P0347,vaccines,controversial,FALSE,deceptive,2,3,3,6,5,-1
P0347,water_boil,neutral,TRUE,accurate,6,6,5,6,6,0
P0348,bones,neutral,TRUE,deceptive,7,5,2,7,5,-2
P0348,climate,controversial,TRUE,accurate,5,6,1,5,6,1
P0348,election,controversial,TRUE,deceptive,1,1,5,1,1,0
P0348,great_wall,neutral,FALSE,deceptive,4,5,1,4,3,-1
P0348,gun_control,controversial,FALSE,deceptive,4,4,1,4,4,0
P0348,lightning,neutral,FALSE,accurate,5,6,2,3,2,-1
P0348,vaccines,controversial,FALSE,accurate,4,3,1,4,5,1
P0348,water_boil,neutral,TRUE,deceptive,5,3,1,5,3,-2
P0349,bones,neutral,TRUE,accurate,1,5,2,1,5,4
P0349,climate,controversial,TRUE,deceptive,6,4,4,6,4,-2
P0349,election,controversial,TRUE,accurate,2,4,4,2,4,2
P0349,great_wall,neutral,FALSE,accurate,1,7,4,7,1,-6
P0349,gun_control,controversial,FALSE,accurate,3,6,3,5,2,-3
P0349,lightning,neutral,FALSE,deceptive,4,4,4,4,4,0
P0349,vaccines,controversial,FALSE,accurate,1,6,4,7,2,-5
P0349,water_boil,neutral,TRUE,accurate,5,7,2,5,7,2
P0350,bones,neutral,TRUE,accurate,7,6,4,7,6,-1
P0350,climate,controversial,TRUE,accurate,6,6,3,6,6,0
P0350,election,controversial,TRUE,accurate,7,6,4,7,6,-1
P0350,great_wall,neutral,FALSE,deceptive,5,5,1,3,3,0
P0350,gun_control,controversial,FALSE,deceptive,1,1,4,7,7,0
P0350,lightning,neutral,FALSE,accurate,3,3,1,5,5,0
P0350,vaccines,controversial,FALSE,accurate,1,1,5,7,7,0
P0350,water_boil,neutral,TRUE,deceptive,6,5,2,6,5,-1
P0351,bones,neutral,TRUE,accurate,6,6,5,6,6,0
P0351,climate,controversial,TRUE,deceptive,6,6,5,6,6,0
P0351,election,controversial,TRUE,deceptive,1,1,6,1,1,0
P0351,great_wall,neutral,FALSE,accurate,1,1,6,7,7,0
P0351,gun_control,controversial,FALSE,accurate,3,3,5,5,5,0
P0351,lightning,neutral,FALSE,accurate,1,1,5,7,7,0
P0351,vaccines,controversial,FALSE,accurate,2,2,5,6,6,0
P0351,water_boil,neutral,TRUE,accurate,6,6,5,6,6,0
P0352,bones,neutral,TRUE,deceptive,7,6,5,7,6,-1
P0352,climate,controversial,TRUE,deceptive,6,2,4,6,2,-4
P0352,election,controversial,TRUE,deceptive,2,2,6,2,2,0
P0352,great_wall,neutral,FALSE,deceptive,5,6,4,3,2,-1
P0352,gun_control,controversial,FALSE,deceptive,6,6,6,2,2,0
P0352,lightning,neutral,FALSE,deceptive,6,6,4,2,2,0
P0352,vaccines,controversial,FALSE,deceptive,3,5,3,5,3,-2
P0352,water_boil,neutral,TRUE,deceptive,4,2,3,4,2,-2
P0353,bones,neutral,TRUE,deceptive,4,1,1,4,1,-3
P0353,climate,controversial,TRUE,accurate,6,7,4,6,7,1
P0353,election,controversial,TRUE,deceptive,1,2,3,1,2,1
P0353,great_wall,neutral,FALSE,deceptive,5,7,1,3,1,-2
P0353,gun_control,controversial,FALSE,deceptive,1,5,3,7,3,-4
P0353,lightning,neutral,FALSE,accurate,3,1,3,5,7,2
P0353,vaccines,controversial,FALSE,accurate,1,1,3,7,7,0
P0353,water_boil,neutral,TRUE,deceptive,4,1,1,4,1,-3
P0354,bones,neutral,TRUE,accurate,5,6,3,5,6,1
P0354,climate,controversial,TRUE,deceptive,6,6,6,6,6,0
P0354,election,controversial,TRUE,deceptive,1,1,6,1,1,0
P0354,great_wall,neutral,FALSE,deceptive,2,5,1,6,3,-3
P0354,gun_control,controversial,FALSE,deceptive,1,1,6,7,7,0
P0354,lightning,neutral,FALSE,deceptive,3,5,1,5,3,-2
P0354,vaccines,controversial,FALSE,deceptive,1,1,4,7,7,0
P0354,water_boil,neutral,TRUE,accurate,5,5,1,5,5,0
P0355,bones,neutral,TRUE,accurate,6,6,2,6,6,0
P0355,climate,controversial,TRUE,deceptive,6,4,1,6,4,-2
P0355,election,controversial,TRUE,deceptive,5,5,2,5,5,0
P0355,great_wall,neutral,FALSE,deceptive,2,1,1,6,7,1
P0355,gun_control,controversial,FALSE,deceptive,3,2,1,5,6,1
P0355,lightning,neutral,FALSE,accurate,4,5,1,4,3,-1
P0355,vaccines,controversial,FALSE,deceptive,2,2,2,6,6,0
P0355,water_boil,neutral,TRUE,accurate,3,5,1,3,5,2
P0356,bones,neutral,TRUE,deceptive,4,5,1,4,5,1
P0356,climate,controversial,TRUE,deceptive,5,4,6,5,4,-1
P0356,election,controversial,TRUE,accurate,7,7,7,7,7,0
P0356,great_wall,neutral,FALSE,accurate,5,5,1,3,3,0
P0356,gun_control,controversial,FALSE,accurate,3,7,6,5,1,-4
P0356,lightning,neutral,FALSE,deceptive,5,5,2,3,3,0
P0356,vaccines,controversial,FALSE,accurate,2,7,6,6,1,-5
P0356,water_boil,neutral,TRUE,accurate,5,6,1,5,6,1
P0357,bones,neutral,TRUE,deceptive,7,5,2,7,5,-2
P0357,climate,controversial,TRUE,deceptive,1,1,4,1,1,0
P0357,election,controversial,TRUE,deceptive,1,1,4,1,1,0
P0357,great_wall,neutral,FALSE,accurate,1,1,1,7,7,0
P0357,gun_control,controversial,FALSE,accurate,1,1,5,7,7,0
P0357,lightning,neutral,FALSE,deceptive,1,1,4,7,7,0
P0357,vaccines,controversial,FALSE,deceptive,5,5,3,3,3,0
P0357,water_boil,neutral,TRUE,accurate,7,7,4,7,7,0
P0358,bones,neutral,TRUE,accurate,6,5,5,6,5,-1
P0358,climate,controversial,TRUE,accurate,5,5,6,5,5,0
P0358,election,controversial,TRUE,accurate,4,5,6,4,5,1
P0358,great_wall,neutral,FALSE,deceptive,5,5,5,3,3,0
P0358,gun_control,controversial,FALSE,accurate,5,5,5,3,3,0
P0358,lightning,neutral,FALSE,accurate,6,7,5,2,1,-1
P0358,vaccines,controversial,FALSE,deceptive,5,5,5,3,3,0
P0358,water_boil,neutral,TRUE,accurate,5,5,5,5,5,0
